1.jpg,0
10.jpg,0
11.jpg,0
12.jpg,0
13.jpg,0
14.jpg,0
15.jpg,0
16.jpg,0
17.jpg,0
18.jpg,0
19.jpg,0
2.jpg,0
20.jpg,0
21.jpg,0
22.jpg,0
23.jpg,0
24.jpg,0
25.jpg,0
26.jpg,0
27.jpg,0
28.jpg,0
29.jpg,0
3.jpg,0
30.jpg,0
31.jpg,0
32.jpg,0
33.jpg,0
34.jpg,0
35.jpg,0
36.jpg,0
37.jpg,0
38.jpg,0
39.jpg,0
4.jpg,0
40.jpg,0
41.jpg,0
42.jpg,0
43.jpg,0
44.jpg,0
45.jpg,0
46.jpg,0
47.jpg,0
48.jpg,0
49.jpg,0
5.jpg,0
50.jpg,0
51.jpg,0
52.jpg,0
53.jpg,0
54.jpg,0
55.jpg,0
56.jpg,0
57.jpg,0
58.jpg,0
59.jpg,0
6.jpg,0
60.jpg,0
7.jpg,0
8.jpg,0
9.jpg,0
INDIA10NEW_1.jpg,0
INDIA10NEW_10.jpg,0
INDIA10NEW_11.jpg,0
INDIA10NEW_12.jpg,0
INDIA10NEW_13.jpg,0
INDIA10NEW_14.jpg,0
INDIA10NEW_15.jpg,0
INDIA10NEW_16.jpg,0
INDIA10NEW_17.jpg,0
INDIA10NEW_18.jpg,0
INDIA10NEW_19.jpg,0
INDIA10NEW_2.jpg,0
INDIA10NEW_20.jpg,0
INDIA10NEW_21.jpg,0
INDIA10NEW_22.jpg,0
INDIA10NEW_23.jpg,0
INDIA10NEW_24.jpg,0
INDIA10NEW_25.jpg,0
INDIA10NEW_26.jpg,0
INDIA10NEW_27.jpg,0
INDIA10NEW_28.jpg,0
INDIA10NEW_29.jpg,0
INDIA10NEW_3.jpg,0
INDIA10NEW_30.jpg,0
INDIA10NEW_31.jpg,0
INDIA10NEW_32.jpg,0
INDIA10NEW_33.jpg,0
INDIA10NEW_34.jpg,0
INDIA10NEW_35.jpg,0
INDIA10NEW_36.jpg,0
INDIA10NEW_37.jpg,0
INDIA10NEW_38.jpg,0
INDIA10NEW_39.jpg,0
INDIA10NEW_4.jpg,0
INDIA10NEW_40.jpg,0
INDIA10NEW_5.jpg,0
INDIA10NEW_6.jpg,0
INDIA10NEW_7.jpg,0
INDIA10NEW_8.jpg,0
INDIA10NEW_9.jpg,0
Avocado_002.jpg,1
Avocado_003.jpg,1
Avocado_004.jpg,1
Avocado_005.jpg,1
Avocado_006.jpg,1
Avocado_007.jpg,1
Avocado_008.jpg,1
Avocado_009.jpg,1
Avocado_010.jpg,1
Avocado_011.jpg,1
Banana_001.jpg,1
Banana_002.jpg,1
Banana_003.jpg,1
Banana_004.jpg,1
Banana_005.jpg,1
Banana_006.jpg,1
Banana_007.jpg,1
Banana_008.jpg,1
Banana_009.jpg,1
Banana_010.jpg,1
Kiwi_001.jpg,1
Kiwi_002.jpg,1
Kiwi_003.jpg,1
Kiwi_004.jpg,1
Kiwi_005.jpg,1
Kiwi_006.jpg,1
Kiwi_007.jpg,1
Kiwi_008.jpg,1
Kiwi_009.jpg,1
Kiwi_010.jpg,1
Lemon_001.jpg,1
Lemon_002.jpg,1
Lemon_003.jpg,1
Lemon_004.jpg,1
Lemon_005.jpg,1
Lemon_006.jpg,1
Lemon_007.jpg,1
Lemon_008.jpg,1
Lemon_009.jpg,1
Lemon_010.jpg,1
Lime_001.jpg,1
Lime_002.jpg,1
Lime_003.jpg,1
Lime_004.jpg,1
Lime_005.jpg,1
Lime_006.jpg,1
Lime_007.jpg,1
Lime_008.jpg,1
Lime_009.jpg,1
Lime_010.jpg,1
Mango_001.jpg,1
Mango_002.jpg,1
Mango_003.jpg,1
Mango_004.jpg,1
Mango_005.jpg,1
Mango_006.jpg,1
Mango_007.jpg,1
Mango_008.jpg,1
Mango_009.jpg,1
Mango_010.jpg,1
Nectarine_001.jpg,1
Nectarine_002.jpg,1
Nectarine_003.jpg,1
Nectarine_004.jpg,1
Nectarine_005.jpg,1
Nectarine_006.jpg,1
Nectarine_007.jpg,1
Nectarine_008.jpg,1
Nectarine_009.jpg,1
Nectarine_010.jpg,1
Orange_001.jpg,1
Orange_002.jpg,1
Orange_003.jpg,1
Orange_004.jpg,1
Orange_005.jpg,1
Orange_006.jpg,1
Orange_007.jpg,1
Orange_008.jpg,1
Orange_009.jpg,1
Orange_010.jpg,1
Papaya_001.jpg,1
Papaya_002.jpg,1
Papaya_003.jpg,1
Papaya_004.jpg,1
Papaya_005.jpg,1
Papaya_006.jpg,1
Papaya_007.jpg,1
Papaya_008.jpg,1
Papaya_009.jpg,1
Papaya_010.jpg,1
Passion-Fruit_001.jpg,1
Passion-Fruit_002.jpg,1
Passion-Fruit_003.jpg,1
Passion-Fruit_004.jpg,1
Passion-Fruit_005.jpg,1
Passion-Fruit_006.jpg,1
Passion-Fruit_007.jpg,1
Passion-Fruit_008.jpg,1
Passion-Fruit_009.jpg,1
Passion-Fruit_010.jpg,1
ATM_queue1.jpg,2
ATM_queue10.jpg,2
ATM_queue2.jpg,2
ATM_queue3.jpg,2
ATM_queue4.jpg,2
ATM_queue5.jpg,2
ATM_queue6.jpg,2
ATM_queue7.jpg,2
ATM_queue8.jpg,2
ATM_queue9.jpg,2
bench1.jpg,2
bench10.jpg,2
bench2.jpg,2
bench3.jpg,2
bench4.jpg,2
bench5.jpg,2
bench6.jpg,2
bench7.jpg,2
bench8.jpg,2
bench9.jpg,2
bus1.jpg,2
bus10.jpg,2
bus2.jpg,2
bus3.jpg,2
bus4.jpg,2
bus5.jpg,2
bus6.jpg,2
bus7.jpg,2
bus8.jpg,2
bus9.jpg,2
chem1.jpg,2
chem10.jpg,2
chem2.jpg,2
chem3.jpg,2
chem4.jpg,2
chem5.jpg,2
chem6.jpg,2
chem7.jpg,2
chem8.jpg,2
chem9.jpg,2
church1.jpg,2
church10.jpg,2
church2.jpg,2
church3.jpg,2
church4.jpg,2
church5.jpg,2
church6.jpg,2
church7.jpg,2
church8.jpg,2
church9.jpg,2
Construction1.jpg,2
Construction10.jpg,2
Construction2.jpg,2
Construction3.jpg,2
Construction4.jpg,2
Construction5.jpg,2
Construction6.jpg,2
Construction7.jpg,2
Construction8.jpg,2
Construction9.jpg,2
door1.jpg,2
door10.jpg,2
door2.jpg,2
door3.jpg,2
door4.jpg,2
door5.jpg,2
door6.jpg,2
door7.jpg,2
door8.jpg,2
door9.jpg,2
greensig1.jpg,2
greensig10.jpg,2
greensig2.jpg,2
greensig3.jpg,2
greensig4.jpg,2
greensig5.jpg,2
greensig6.jpg,2
greensig7.jpg,2
greensig8.jpg,2
greensig9.jpg,2
lift1.jpg,2
lift10.jpg,2
lift2.jpg,2
lift3.jpg,2
lift4.jpg,2
lift5.jpg,2
lift6.jpg,2
lift7.jpg,2
lift8.jpg,2
lift9.jpg,2
stairsdown_1.jpg,2
stairsdown_10.jpg,2
stairsdown_2.jpg,2
stairsdown_3.jpg,2
stairsdown_4.jpg,2
stairsdown_5.jpg,2
stairsdown_6.jpg,2
stairsdown_7.jpg,2
stairsdown_8.jpg,2
stairsdown_9.jpg,2
wetfloor1.jpg,2
wetfloor10.jpg,2
wetfloor2.jpg,2
wetfloor3.jpg,2
wetfloor4.jpg,2
wetfloor5.jpg,2
wetfloor6.jpg,2
wetfloor7.jpg,2
wetfloor8.jpg,2
wetfloor9.jpg,2
