Avocado_001.jpg,0
Avocado_002.jpg,0
Avocado_003.jpg,0
Avocado_004.jpg,0
Avocado_005.jpg,0
Avocado_006.jpg,0
Avocado_007.jpg,0
Avocado_008.jpg,0
Avocado_009.jpg,0
Avocado_010.jpg,0
Avocado_011.jpg,0
Avocado_012.jpg,0
Avocado_013.jpg,0
Avocado_014.jpg,0
Avocado_015.jpg,0
Avocado_016.jpg,0
Avocado_017.jpg,0
Avocado_018.jpg,0
Avocado_019.jpg,0
Avocado_020.jpg,0
Avocado_021.jpg,0
Avocado_022.jpg,0
Avocado_023.jpg,0
Avocado_024.jpg,0
Avocado_025.jpg,0
Avocado_026.jpg,0
Avocado_027.jpg,0
Avocado_028.jpg,0
Avocado_029.jpg,0
Avocado_030.jpg,0
Avocado_031.jpg,0
Avocado_032.jpg,0
Avocado_033.jpg,0
Avocado_034.jpg,0
Avocado_035.jpg,0
Avocado_036.jpg,0
Avocado_037.jpg,0
Avocado_038.jpg,0
Avocado_039.jpg,0
Avocado_040.jpg,0
Avocado_041.jpg,0
Banana_001.jpg,1
Banana_002.jpg,1
Banana_003.jpg,1
Banana_004.jpg,1
Banana_005.jpg,1
Banana_006.jpg,1
Banana_007.jpg,1
Banana_008.jpg,1
Banana_009.jpg,1
Banana_010.jpg,1
Banana_011.jpg,1
Banana_012.jpg,1
Banana_013.jpg,1
Banana_014.jpg,1
Banana_015.jpg,1
Banana_016.jpg,1
Banana_017.jpg,1
Banana_018.jpg,1
Banana_019.jpg,1
Banana_020.jpg,1
Banana_021.jpg,1
Banana_022.jpg,1
Banana_023.jpg,1
Banana_024.jpg,1
Banana_025.jpg,1
Banana_026.jpg,1
Banana_027.jpg,1
Banana_028.jpg,1
Banana_029.jpg,1
Banana_030.jpg,1
Banana_031.jpg,1
Banana_032.jpg,1
Banana_033.jpg,1
Banana_034.jpg,1
Banana_035.jpg,1
Banana_036.jpg,1
Banana_037.jpg,1
Banana_038.jpg,1
Banana_039.jpg,1
Banana_040.jpg,1
Banana_041.jpg,1
Banana_042.jpg,1
Banana_043.jpg,1
Banana_044.jpg,1
Banana_045.jpg,1
Kiwi_001.jpg,2
Kiwi_002.jpg,2
Kiwi_003.jpg,2
Kiwi_004.jpg,2
Kiwi_005.jpg,2
Kiwi_006.jpg,2
Kiwi_007.jpg,2
Kiwi_008.jpg,2
Kiwi_009.jpg,2
Kiwi_010.jpg,2
Kiwi_011.jpg,2
Kiwi_012.jpg,2
Kiwi_013.jpg,2
Kiwi_014.jpg,2
Kiwi_015.jpg,2
Kiwi_016.jpg,2
Kiwi_017.jpg,2
Kiwi_018.jpg,2
Kiwi_019.jpg,2
Kiwi_020.jpg,2
Kiwi_021.jpg,2
Kiwi_022.jpg,2
Kiwi_023.jpg,2
Kiwi_024.jpg,2
Kiwi_025.jpg,2
Kiwi_026.jpg,2
Kiwi_027.jpg,2
Kiwi_028.jpg,2
Kiwi_029.jpg,2
Kiwi_030.jpg,2
Kiwi_031.jpg,2
Kiwi_032.jpg,2
Kiwi_033.jpg,2
Kiwi_034.jpg,2
Kiwi_035.jpg,2
Kiwi_036.jpg,2
Kiwi_037.jpg,2
Kiwi_038.jpg,2
Kiwi_039.jpg,2
Kiwi_040.jpg,2
Kiwi_041.jpg,2
Kiwi_042.jpg,2
Kiwi_043.jpg,2
Kiwi_044.jpg,2
Kiwi_045.jpg,2
Kiwi_046.jpg,2
Lemon_001.jpg,3
Lemon_002.jpg,3
Lemon_003.jpg,3
Lemon_004.jpg,3
Lemon_005.jpg,3
Lemon_006.jpg,3
Lemon_007.jpg,3
Lemon_008.jpg,3
Lemon_009.jpg,3
Lemon_010.jpg,3
Lemon_011.jpg,3
Lemon_012.jpg,3
Lemon_013.jpg,3
Lemon_014.jpg,3
Lemon_015.jpg,3
Lemon_016.jpg,3
Lemon_017.jpg,3
Lemon_018.jpg,3
Lemon_019.jpg,3
Lemon_020.jpg,3
Lemon_021.jpg,3
Lemon_022.jpg,3
Lemon_023.jpg,3
Lemon_024.jpg,3
Lemon_025.jpg,3
Lemon_026.jpg,3
Lemon_027.jpg,3
Lemon_028.jpg,3
Lemon_029.jpg,3
Lemon_030.jpg,3
Lemon_031.jpg,3
Lemon_032.jpg,3
Lemon_033.jpg,3
Lemon_034.jpg,3
Lemon_035.jpg,3
Lemon_036.jpg,3
Lemon_037.jpg,3
Lemon_038.jpg,3
Lemon_039.jpg,3
Lemon_040.jpg,3
Lemon_041.jpg,3
Lemon_042.jpg,3
Lime_001.jpg,4
Lime_002.jpg,4
Lime_003.jpg,4
Lime_004.jpg,4
Lime_005.jpg,4
Lime_006.jpg,4
Lime_007.jpg,4
Lime_008.jpg,4
Lime_009.jpg,4
Lime_010.jpg,4
Lime_011.jpg,4
Lime_012.jpg,4
Lime_013.jpg,4
Lime_014.jpg,4
Lime_015.jpg,4
Lime_016.jpg,4
Lime_017.jpg,4
Lime_018.jpg,4
Lime_019.jpg,4
Lime_020.jpg,4
Lime_021.jpg,4
Lime_022.jpg,4
Lime_023.jpg,4
Lime_024.jpg,4
Lime_025.jpg,4
Lime_026.jpg,4
Lime_027.jpg,4
Lime_028.jpg,4
Lime_029.jpg,4
Lime_030.jpg,4
Lime_031.jpg,4
Mango_001.jpg,5
Mango_002.jpg,5
Mango_003.jpg,5
Mango_004.jpg,5
Mango_005.jpg,5
Mango_006.jpg,5
Mango_007.jpg,5
Mango_008.jpg,5
Mango_009.jpg,5
Mango_010.jpg,5
Mango_011.jpg,5
Mango_012.jpg,5
Mango_013.jpg,5
Mango_014.jpg,5
Mango_015.jpg,5
Mango_016.jpg,5
Mango_017.jpg,5
Mango_018.jpg,5
Mango_019.jpg,5
Mango_020.jpg,5
Mango_021.jpg,5
Mango_022.jpg,5
Mango_023.jpg,5
Mango_024.jpg,5
Mango_025.jpg,5
Mango_026.jpg,5
Mango_027.jpg,5
Mango_028.jpg,5
Mango_029.jpg,5
Mango_030.jpg,5
Mango_031.jpg,5
Mango_032.jpg,5
Nectarine_001.jpg,6
Nectarine_002.jpg,6
Nectarine_003.jpg,6
Nectarine_004.jpg,6
Nectarine_005.jpg,6
Nectarine_006.jpg,6
Nectarine_007.jpg,6
Nectarine_008.jpg,6
Nectarine_009.jpg,6
Nectarine_010.jpg,6
Nectarine_011.jpg,6
Nectarine_012.jpg,6
Nectarine_013.jpg,6
Nectarine_014.jpg,6
Nectarine_015.jpg,6
Nectarine_016.jpg,6
Nectarine_017.jpg,6
Nectarine_018.jpg,6
Nectarine_019.jpg,6
Nectarine_020.jpg,6
Nectarine_021.jpg,6
Nectarine_022.jpg,6
Nectarine_023.jpg,6
Nectarine_024.jpg,6
Nectarine_025.jpg,6
Nectarine_026.jpg,6
Nectarine_027.jpg,6
Nectarine_028.jpg,6
Nectarine_029.jpg,6
Nectarine_030.jpg,6
Nectarine_031.jpg,6
Nectarine_032.jpg,6
Nectarine_033.jpg,6
Nectarine_034.jpg,6
Nectarine_035.jpg,6
Nectarine_036.jpg,6
Orange_001.jpg,7
Orange_002.jpg,7
Orange_003.jpg,7
Orange_004.jpg,7
Orange_005.jpg,7
Orange_006.jpg,7
Orange_007.jpg,7
Orange_008.jpg,7
Orange_009.jpg,7
Orange_010.jpg,7
Orange_011.jpg,7
Orange_012.jpg,7
Orange_013.jpg,7
Orange_014.jpg,7
Orange_015.jpg,7
Orange_016.jpg,7
Orange_017.jpg,7
Orange_018.jpg,7
Orange_019.jpg,7
Orange_020.jpg,7
Orange_021.jpg,7
Orange_022.jpg,7
Orange_023.jpg,7
Orange_024.jpg,7
Orange_025.jpg,7
Orange_026.jpg,7
Orange_027.jpg,7
Orange_028.jpg,7
Orange_029.jpg,7
Orange_030.jpg,7
Orange_031.jpg,7
Orange_032.jpg,7
Orange_033.jpg,7
Orange_034.jpg,7
Orange_035.jpg,7
Orange_036.jpg,7
Orange_037.jpg,7
Orange_038.jpg,7
Orange_039.jpg,7
Orange_040.jpg,7
Orange_041.jpg,7
Orange_042.jpg,7
Orange_043.jpg,7
Orange_044.jpg,7
Orange_045.jpg,7
Orange_046.jpg,7
Orange_047.jpg,7
Orange_048.jpg,7
Orange_049.jpg,7
Orange_050.jpg,7
Orange_051.jpg,7
Orange_052.jpg,7
Orange_053.jpg,7
Orange_054.jpg,7
Orange_055.jpg,7
Orange_056.jpg,7
Orange_057.jpg,7
Papaya_001.jpg,8
Papaya_002.jpg,8
Papaya_003.jpg,8
Papaya_004.jpg,8
Papaya_005.jpg,8
Papaya_006.jpg,8
Papaya_007.jpg,8
Papaya_008.jpg,8
Papaya_009.jpg,8
Papaya_010.jpg,8
Papaya_011.jpg,8
Papaya_012.jpg,8
Papaya_013.jpg,8
Papaya_014.jpg,8
Papaya_015.jpg,8
Papaya_016.jpg,8
Papaya_017.jpg,8
Papaya_018.jpg,8
Papaya_019.jpg,8
Papaya_020.jpg,8
Papaya_021.jpg,8
Passion-Fruit_001.jpg,9
Passion-Fruit_002.jpg,9
Passion-Fruit_003.jpg,9
Passion-Fruit_004.jpg,9
Passion-Fruit_005.jpg,9
Passion-Fruit_006.jpg,9
Passion-Fruit_007.jpg,9
Passion-Fruit_008.jpg,9
Passion-Fruit_009.jpg,9
Passion-Fruit_010.jpg,9
Passion-Fruit_011.jpg,9
Passion-Fruit_012.jpg,9
Passion-Fruit_013.jpg,9
Passion-Fruit_014.jpg,9
Passion-Fruit_015.jpg,9
Passion-Fruit_016.jpg,9
Passion-Fruit_017.jpg,9
Passion-Fruit_018.jpg,9
Passion-Fruit_019.jpg,9
Passion-Fruit_020.jpg,9
Passion-Fruit_021.jpg,9
Passion-Fruit_022.jpg,9
Passion-Fruit_023.jpg,9
Passion-Fruit_024.jpg,9
Passion-Fruit_025.jpg,9
Passion-Fruit_026.jpg,9
Passion-Fruit_027.jpg,9
Passion-Fruit_028.jpg,9
Peach_001.jpg,10
Peach_002.jpg,10
Peach_003.jpg,10
Peach_004.jpg,10
Peach_005.jpg,10
Peach_006.jpg,10
Peach_007.jpg,10
Peach_008.jpg,10
Peach_009.jpg,10
Peach_010.jpg,10
Peach_011.jpg,10
Peach_012.jpg,10
Peach_013.jpg,10
Peach_014.jpg,10
Peach_015.jpg,10
Peach_016.jpg,10
Peach_017.jpg,10
Peach_018.jpg,10
Peach_019.jpg,10
Peach_020.jpg,10
Peach_021.jpg,10
Peach_022.jpg,10
Peach_023.jpg,10
Peach_024.jpg,10
Peach_025.jpg,10
Peach_026.jpg,10
Peach_027.jpg,10
Peach_028.jpg,10
Peach_029.jpg,10
Peach_030.jpg,10
Peach_031.jpg,10
Peach_032.jpg,10
Peach_033.jpg,10
Peach_034.jpg,10
Peach_035.jpg,10
Peach_036.jpg,10
Peach_037.jpg,10
Pineapple_001.jpg,11
Pineapple_002.jpg,11
Pineapple_003.jpg,11
Pineapple_004.jpg,11
Pineapple_005.jpg,11
Pineapple_006.jpg,11
Pineapple_007.jpg,11
Pineapple_008.jpg,11
Pineapple_009.jpg,11
Pineapple_010.jpg,11
Pineapple_011.jpg,11
Pineapple_012.jpg,11
Pineapple_013.jpg,11
Pineapple_014.jpg,11
Pineapple_015.jpg,11
Pineapple_016.jpg,11
Pineapple_017.jpg,11
Pineapple_018.jpg,11
Pineapple_019.jpg,11
Pineapple_020.jpg,11
Pineapple_021.jpg,11
Pineapple_022.jpg,11
Pineapple_023.jpg,11
Pineapple_024.jpg,11
Pineapple_025.jpg,11
Pineapple_026.jpg,11
Plum_001.jpg,12
Plum_002.jpg,12
Plum_003.jpg,12
Plum_004.jpg,12
Plum_005.jpg,12
Plum_006.jpg,12
Plum_007.jpg,12
Plum_008.jpg,12
Plum_009.jpg,12
Plum_010.jpg,12
Plum_011.jpg,12
Plum_012.jpg,12
Plum_013.jpg,12
Plum_014.jpg,12
Plum_015.jpg,12
Plum_016.jpg,12
Plum_017.jpg,12
Plum_018.jpg,12
Plum_019.jpg,12
Plum_020.jpg,12
Plum_021.jpg,12
Plum_022.jpg,12
Pomegranate_001.jpg,13
Pomegranate_002.jpg,13
Pomegranate_003.jpg,13
Pomegranate_004.jpg,13
Pomegranate_005.jpg,13
Pomegranate_006.jpg,13
Pomegranate_007.jpg,13
Pomegranate_008.jpg,13
Pomegranate_009.jpg,13
Pomegranate_010.jpg,13
Pomegranate_011.jpg,13
Pomegranate_012.jpg,13
Pomegranate_013.jpg,13
Pomegranate_014.jpg,13
Pomegranate_015.jpg,13
Pomegranate_016.jpg,13
Pomegranate_017.jpg,13
Pomegranate_018.jpg,13
Pomegranate_019.jpg,13
Pomegranate_020.jpg,13
Pomegranate_021.jpg,13
Pomegranate_022.jpg,13
Pomegranate_023.jpg,13
Pomegranate_024.jpg,13
Pomegranate_025.jpg,13
Pomegranate_026.jpg,13
Red-Grapefruit_001.jpg,14
Red-Grapefruit_002.jpg,14
Red-Grapefruit_003.jpg,14
Red-Grapefruit_004.jpg,14
Red-Grapefruit_005.jpg,14
Red-Grapefruit_006.jpg,14
Red-Grapefruit_007.jpg,14
Red-Grapefruit_008.jpg,14
Red-Grapefruit_009.jpg,14
Red-Grapefruit_010.jpg,14
Red-Grapefruit_011.jpg,14
Red-Grapefruit_012.jpg,14
Red-Grapefruit_013.jpg,14
Red-Grapefruit_014.jpg,14
Red-Grapefruit_015.jpg,14
Red-Grapefruit_016.jpg,14
Red-Grapefruit_017.jpg,14
Red-Grapefruit_018.jpg,14
Red-Grapefruit_019.jpg,14
Red-Grapefruit_020.jpg,14
Red-Grapefruit_021.jpg,14
Red-Grapefruit_022.jpg,14
Red-Grapefruit_023.jpg,14
Red-Grapefruit_024.jpg,14
Red-Grapefruit_025.jpg,14
Red-Grapefruit_026.jpg,14
Red-Grapefruit_027.jpg,14
Red-Grapefruit_028.jpg,14
Red-Grapefruit_029.jpg,14
Red-Grapefruit_030.jpg,14
Red-Grapefruit_031.jpg,14
Red-Grapefruit_032.jpg,14
Red-Grapefruit_033.jpg,14
Red-Grapefruit_034.jpg,14
