INDIA10OLD_1.jpg,0
INDIA10OLD_10.jpg,0
INDIA10OLD_100.jpg,0
INDIA10OLD_101.jpg,0
INDIA10OLD_102.jpg,0
INDIA10OLD_103.jpg,0
INDIA10OLD_104.jpg,0
INDIA10OLD_105.jpg,0
INDIA10OLD_106.jpg,0
INDIA10OLD_107.jpg,0
INDIA10OLD_108.jpg,0
INDIA10OLD_109.jpg,0
INDIA10OLD_11.jpg,0
INDIA10OLD_110.jpg,0
INDIA10OLD_111.jpg,0
INDIA10OLD_112.jpg,0
INDIA10OLD_113.jpg,0
INDIA10OLD_114.jpg,0
INDIA10OLD_115.jpg,0
INDIA10OLD_116.jpg,0
INDIA10OLD_117.jpg,0
INDIA10OLD_118.jpg,0
INDIA10OLD_119.jpg,0
INDIA10OLD_12.jpg,0
INDIA10OLD_120.jpg,0
INDIA10OLD_121.jpg,0
INDIA10OLD_122.jpg,0
INDIA10OLD_123.jpg,0
INDIA10OLD_124.jpg,0
INDIA10OLD_125.jpg,0
INDIA10OLD_126.jpg,0
INDIA10OLD_127.jpg,0
INDIA10OLD_128.jpg,0
INDIA10OLD_129.jpg,0
INDIA10OLD_13.jpg,0
INDIA10OLD_130.jpg,0
INDIA10OLD_131.jpg,0
INDIA10OLD_132.jpg,0
INDIA10OLD_133.jpg,0
INDIA10OLD_134.jpg,0
INDIA10OLD_135.jpg,0
INDIA10OLD_136.jpg,0
INDIA10OLD_137.jpg,0
INDIA10OLD_138.jpg,0
INDIA10OLD_139.jpg,0
INDIA10OLD_14.jpg,0
INDIA10OLD_140.jpg,0
INDIA10OLD_141.jpg,0
INDIA10OLD_142.jpg,0
INDIA10OLD_143.jpg,0
INDIA10OLD_144.jpg,0
INDIA10OLD_145.jpg,0
INDIA10OLD_146.jpg,0
INDIA10OLD_147.jpg,0
INDIA10OLD_148.jpg,0
INDIA10OLD_149.jpg,0
INDIA10OLD_15.jpg,0
INDIA10OLD_150.jpg,0
INDIA10OLD_151.jpg,0
INDIA10OLD_152.jpg,0
INDIA10OLD_153.jpg,0
INDIA10OLD_154.jpg,0
INDIA10OLD_155.jpg,0
INDIA10OLD_156.jpg,0
INDIA10OLD_157.jpg,0
INDIA10OLD_158.jpg,0
INDIA10OLD_159.jpg,0
INDIA10OLD_16.jpg,0
INDIA10OLD_160.jpg,0
INDIA10OLD_161.jpg,0
INDIA10OLD_162.jpg,0
INDIA10OLD_163.jpg,0
INDIA10OLD_164.jpg,0
INDIA10OLD_165.jpg,0
INDIA10OLD_166.jpg,0
INDIA10OLD_167.jpg,0
INDIA10OLD_168.jpg,0
INDIA10OLD_169.jpg,0
INDIA10OLD_17.jpg,0
INDIA10OLD_170.jpg,0
INDIA10OLD_171.jpg,0
INDIA10OLD_172.jpg,0
INDIA10OLD_173.jpg,0
INDIA10OLD_174.jpg,0
INDIA10OLD_175.jpg,0
INDIA10OLD_176.jpg,0
INDIA10OLD_177.jpg,0
INDIA10OLD_178.jpg,0
INDIA10OLD_179.jpg,0
INDIA10OLD_18.jpg,0
INDIA10OLD_180.jpg,0
INDIA10OLD_181.jpg,0
INDIA10OLD_182.jpg,0
INDIA10OLD_183.jpg,0
INDIA10OLD_184.jpg,0
INDIA10OLD_185.jpg,0
INDIA10OLD_186.jpg,0
INDIA10OLD_187.jpg,0
INDIA10OLD_188.jpg,0
INDIA10OLD_189.jpg,0
INDIA10OLD_19.jpg,0
INDIA10OLD_190.jpg,0
INDIA10OLD_2.jpg,0
INDIA10OLD_20.jpg,0
INDIA10OLD_21.jpg,0
INDIA10OLD_22.jpg,0
INDIA10OLD_23.jpg,0
INDIA10OLD_24.jpg,0
INDIA10OLD_25.jpg,0
INDIA10OLD_26.jpg,0
INDIA10OLD_27.jpg,0
INDIA10OLD_28.jpg,0
INDIA10OLD_29.jpg,0
INDIA10OLD_3.jpg,0
INDIA10OLD_30.jpg,0
INDIA10OLD_31.jpg,0
INDIA10OLD_32.jpg,0
INDIA10OLD_33.jpg,0
INDIA10OLD_34.jpg,0
INDIA10OLD_35.jpg,0
INDIA10OLD_36.jpg,0
INDIA10OLD_37.jpg,0
INDIA10OLD_38.jpg,0
INDIA10OLD_39.jpg,0
INDIA10OLD_4.jpg,0
INDIA10OLD_40.jpg,0
INDIA10OLD_41.jpg,0
INDIA10OLD_42.jpg,0
INDIA10OLD_43.jpg,0
INDIA10OLD_44.jpg,0
INDIA10OLD_45.jpg,0
INDIA10OLD_46.jpg,0
INDIA10OLD_47.jpg,0
INDIA10OLD_48.jpg,0
INDIA10OLD_49.jpg,0
INDIA10OLD_5.jpg,0
INDIA10OLD_50.jpg,0
INDIA10OLD_51.jpg,0
INDIA10OLD_52.jpg,0
INDIA10OLD_53.jpg,0
INDIA10OLD_54.jpg,0
INDIA10OLD_55.jpg,0
INDIA10OLD_56.jpg,0
INDIA10OLD_57.jpg,0
INDIA10OLD_58.jpg,0
INDIA10OLD_59.jpg,0
INDIA10OLD_6.jpg,0
INDIA10OLD_60.jpg,0
INDIA10OLD_61.jpg,0
INDIA10OLD_62.jpg,0
INDIA10OLD_63.jpg,0
INDIA10OLD_64.jpg,0
INDIA10OLD_65.jpg,0
INDIA10OLD_66.jpg,0
INDIA10OLD_67.jpg,0
INDIA10OLD_68.jpg,0
INDIA10OLD_69.jpg,0
INDIA10OLD_7.jpg,0
INDIA10OLD_70.jpg,0
INDIA10OLD_71.jpg,0
INDIA10OLD_72.jpg,0
INDIA10OLD_73.jpg,0
INDIA10OLD_74.jpg,0
INDIA10OLD_75.jpg,0
INDIA10OLD_76.jpg,0
INDIA10OLD_77.jpg,0
INDIA10OLD_78.jpg,0
INDIA10OLD_79.jpg,0
INDIA10OLD_8.jpg,0
INDIA10OLD_80.jpg,0
INDIA10OLD_81.jpg,0
INDIA10OLD_82.jpg,0
INDIA10OLD_83.jpg,0
INDIA10OLD_84.jpg,0
INDIA10OLD_85.jpg,0
INDIA10OLD_86.jpg,0
INDIA10OLD_87.jpg,0
INDIA10OLD_88.jpg,0
INDIA10OLD_89.jpg,0
INDIA10OLD_9.jpg,0
INDIA10OLD_90.jpg,0
INDIA10OLD_91.jpg,0
INDIA10OLD_92.jpg,0
INDIA10OLD_93.jpg,0
INDIA10OLD_94.jpg,0
INDIA10OLD_95.jpg,0
INDIA10OLD_96.jpg,0
INDIA10OLD_97.jpg,0
INDIA10OLD_98.jpg,0
INDIA10OLD_99.jpg,0
1.jpg,1
10.jpg,1
11.jpg,1
12.jpg,1
13.jpg,1
14.jpg,1
15.jpg,1
16.jpg,1
17.jpg,1
18.jpg,1
19.jpg,1
2.jpg,1
20.jpg,1
21.jpg,1
22.jpg,1
23.jpg,1
24.jpg,1
25.jpg,1
26.jpg,1
27.jpg,1
28.jpg,1
29.jpg,1
3.jpg,1
30.jpg,1
31.jpg,1
32.jpg,1
33.jpg,1
34.jpg,1
35.jpg,1
36.jpg,1
37.jpg,1
38.jpg,1
39.jpg,1
4.jpg,1
40.jpg,1
41.jpg,1
42.jpg,1
43.jpg,1
44.jpg,1
45.jpg,1
46.jpg,1
47.jpg,1
48.jpg,1
49.jpg,1
5.jpg,1
50.jpg,1
51.jpg,1
52.jpg,1
53.jpg,1
54.jpg,1
55.jpg,1
56.jpg,1
57.jpg,1
58.jpg,1
59.jpg,1
6.jpg,1
60.jpg,1
7.jpg,1
8.jpg,1
9.jpg,1
INDIA10NEW_1.jpg,1
INDIA10NEW_10.jpg,1
INDIA10NEW_100.jpg,1
INDIA10NEW_101.jpg,1
INDIA10NEW_102.jpg,1
INDIA10NEW_103.jpg,1
INDIA10NEW_104.jpg,1
INDIA10NEW_105.jpg,1
INDIA10NEW_106.jpg,1
INDIA10NEW_107.jpg,1
INDIA10NEW_108.jpg,1
INDIA10NEW_109.jpg,1
INDIA10NEW_11.jpg,1
INDIA10NEW_110.jpg,1
INDIA10NEW_111.jpg,1
INDIA10NEW_112.jpg,1
INDIA10NEW_113.jpg,1
INDIA10NEW_114.jpg,1
INDIA10NEW_115.jpg,1
INDIA10NEW_116.jpg,1
INDIA10NEW_117.jpg,1
INDIA10NEW_118.jpg,1
INDIA10NEW_119.jpg,1
INDIA10NEW_12.jpg,1
INDIA10NEW_120.jpg,1
INDIA10NEW_121.jpg,1
INDIA10NEW_122.jpg,1
INDIA10NEW_123.jpg,1
INDIA10NEW_124.jpg,1
INDIA10NEW_125.jpg,1
INDIA10NEW_126.jpg,1
INDIA10NEW_127.jpg,1
INDIA10NEW_128.jpg,1
INDIA10NEW_129.jpg,1
INDIA10NEW_13.jpg,1
INDIA10NEW_130.jpg,1
INDIA10NEW_131.jpg,1
INDIA10NEW_132.jpg,1
INDIA10NEW_133.jpg,1
INDIA10NEW_134.jpg,1
INDIA10NEW_135.jpg,1
INDIA10NEW_136.jpg,1
INDIA10NEW_137.jpg,1
INDIA10NEW_138.jpg,1
INDIA10NEW_139.jpg,1
INDIA10NEW_14.jpg,1
INDIA10NEW_140.jpg,1
INDIA10NEW_141.jpg,1
INDIA10NEW_142.jpg,1
INDIA10NEW_143.jpg,1
INDIA10NEW_144.jpg,1
INDIA10NEW_145.jpg,1
INDIA10NEW_146.jpg,1
INDIA10NEW_147.jpg,1
INDIA10NEW_148.jpg,1
INDIA10NEW_149.jpg,1
INDIA10NEW_15.jpg,1
INDIA10NEW_150.jpg,1
INDIA10NEW_151.jpg,1
INDIA10NEW_152.jpg,1
INDIA10NEW_153.jpg,1
INDIA10NEW_154.jpg,1
INDIA10NEW_155.jpg,1
INDIA10NEW_156.jpg,1
INDIA10NEW_157.jpg,1
INDIA10NEW_158.jpg,1
INDIA10NEW_159.jpg,1
INDIA10NEW_16.jpg,1
INDIA10NEW_160.jpg,1
INDIA10NEW_161.jpg,1
INDIA10NEW_162.jpg,1
INDIA10NEW_163.jpg,1
INDIA10NEW_164.jpg,1
INDIA10NEW_165.jpg,1
INDIA10NEW_166.jpg,1
INDIA10NEW_167.jpg,1
INDIA10NEW_168.jpg,1
INDIA10NEW_169.jpg,1
INDIA10NEW_17.jpg,1
INDIA10NEW_170.jpg,1
INDIA10NEW_171.jpg,1
INDIA10NEW_172.jpg,1
INDIA10NEW_173.jpg,1
INDIA10NEW_174.jpg,1
INDIA10NEW_175.jpg,1
INDIA10NEW_176.jpg,1
INDIA10NEW_177.jpg,1
INDIA10NEW_178.jpg,1
INDIA10NEW_179.jpg,1
INDIA10NEW_18.jpg,1
INDIA10NEW_180.jpg,1
INDIA10NEW_181.jpg,1
INDIA10NEW_182.jpg,1
INDIA10NEW_183.jpg,1
INDIA10NEW_184.jpg,1
INDIA10NEW_185.jpg,1
INDIA10NEW_186.jpg,1
INDIA10NEW_187.jpg,1
INDIA10NEW_188.jpg,1
INDIA10NEW_189.jpg,1
INDIA10NEW_19.jpg,1
INDIA10NEW_190.jpg,1
INDIA10NEW_2.jpg,1
INDIA10NEW_20.jpg,1
INDIA10NEW_21.jpg,1
INDIA10NEW_22.jpg,1
INDIA10NEW_23.jpg,1
INDIA10NEW_24.jpg,1
INDIA10NEW_25.jpg,1
INDIA10NEW_26.jpg,1
INDIA10NEW_27.jpg,1
INDIA10NEW_28.jpg,1
INDIA10NEW_29.jpg,1
INDIA10NEW_3.jpg,1
INDIA10NEW_30.jpg,1
INDIA10NEW_31.jpg,1
INDIA10NEW_32.jpg,1
INDIA10NEW_33.jpg,1
INDIA10NEW_34.jpg,1
INDIA10NEW_35.jpg,1
INDIA10NEW_36.jpg,1
INDIA10NEW_37.jpg,1
INDIA10NEW_38.jpg,1
INDIA10NEW_39.jpg,1
INDIA10NEW_4.jpg,1
INDIA10NEW_40.jpg,1
INDIA10NEW_41.jpg,1
INDIA10NEW_42.jpg,1
INDIA10NEW_43.jpg,1
INDIA10NEW_44.jpg,1
INDIA10NEW_45.jpg,1
INDIA10NEW_46.jpg,1
INDIA10NEW_47.jpg,1
INDIA10NEW_48.jpg,1
INDIA10NEW_49.jpg,1
INDIA10NEW_5.jpg,1
INDIA10NEW_50.jpg,1
INDIA10NEW_51.jpg,1
INDIA10NEW_52.jpg,1
INDIA10NEW_53.jpg,1
INDIA10NEW_54.jpg,1
INDIA10NEW_55.jpg,1
INDIA10NEW_56.jpg,1
INDIA10NEW_57.jpg,1
INDIA10NEW_58.jpg,1
INDIA10NEW_59.jpg,1
INDIA10NEW_6.jpg,1
INDIA10NEW_60.jpg,1
INDIA10NEW_61.jpg,1
INDIA10NEW_62.jpg,1
INDIA10NEW_63.jpg,1
INDIA10NEW_64.jpg,1
INDIA10NEW_65.jpg,1
INDIA10NEW_66.jpg,1
INDIA10NEW_67.jpg,1
INDIA10NEW_68.jpg,1
INDIA10NEW_69.jpg,1
INDIA10NEW_7.jpg,1
INDIA10NEW_70.jpg,1
INDIA10NEW_71.jpg,1
INDIA10NEW_72.jpg,1
INDIA10NEW_73.jpg,1
INDIA10NEW_74.jpg,1
INDIA10NEW_75.jpg,1
INDIA10NEW_76.jpg,1
INDIA10NEW_77.jpg,1
INDIA10NEW_78.jpg,1
INDIA10NEW_79.jpg,1
INDIA10NEW_8.jpg,1
INDIA10NEW_80.jpg,1
INDIA10NEW_81.jpg,1
INDIA10NEW_82.jpg,1
INDIA10NEW_83.jpg,1
INDIA10NEW_84.jpg,1
INDIA10NEW_85.jpg,1
INDIA10NEW_86.jpg,1
INDIA10NEW_87.jpg,1
INDIA10NEW_88.jpg,1
INDIA10NEW_89.jpg,1
INDIA10NEW_9.jpg,1
INDIA10NEW_90.jpg,1
INDIA10NEW_91.jpg,1
INDIA10NEW_92.jpg,1
INDIA10NEW_93.jpg,1
INDIA10NEW_94.jpg,1
INDIA10NEW_95.jpg,1
INDIA10NEW_96.jpg,1
INDIA10NEW_97.jpg,1
INDIA10NEW_98.jpg,1
INDIA10NEW_99.jpg,1
INDIA20_1.jpg,2
INDIA20_10.jpg,2
INDIA20_100.jpg,2
INDIA20_101.jpg,2
INDIA20_102.jpg,2
INDIA20_103.jpg,2
INDIA20_104.jpg,2
INDIA20_105.jpg,2
INDIA20_106.jpg,2
INDIA20_107.jpg,2
INDIA20_108.jpg,2
INDIA20_109.jpg,2
INDIA20_11.jpg,2
INDIA20_110.jpg,2
INDIA20_111.jpg,2
INDIA20_112.jpg,2
INDIA20_113.jpg,2
INDIA20_114.jpg,2
INDIA20_115.jpg,2
INDIA20_116.jpg,2
INDIA20_117.jpg,2
INDIA20_118.jpg,2
INDIA20_119.jpg,2
INDIA20_12.jpg,2
INDIA20_120.jpg,2
INDIA20_121.jpg,2
INDIA20_122.jpg,2
INDIA20_123.jpg,2
INDIA20_124.jpg,2
INDIA20_125.jpg,2
INDIA20_126.jpg,2
INDIA20_127.jpg,2
INDIA20_128.jpg,2
INDIA20_129.jpg,2
INDIA20_13.jpg,2
INDIA20_130.jpg,2
INDIA20_131.jpg,2
INDIA20_132.jpg,2
INDIA20_133.jpg,2
INDIA20_134.jpg,2
INDIA20_135.jpg,2
INDIA20_136.jpg,2
INDIA20_137.jpg,2
INDIA20_138.jpg,2
INDIA20_139.jpg,2
INDIA20_14.jpg,2
INDIA20_140.jpg,2
INDIA20_141.jpg,2
INDIA20_142.jpg,2
INDIA20_143.jpg,2
INDIA20_144.jpg,2
INDIA20_145.jpg,2
INDIA20_146.jpg,2
INDIA20_147.jpg,2
INDIA20_148.jpg,2
INDIA20_149.jpg,2
INDIA20_15.jpg,2
INDIA20_150.jpg,2
INDIA20_151.jpg,2
INDIA20_152.jpg,2
INDIA20_153.jpg,2
INDIA20_154.jpg,2
INDIA20_155.jpg,2
INDIA20_156.jpg,2
INDIA20_157.jpg,2
INDIA20_158.jpg,2
INDIA20_159.jpg,2
INDIA20_16.jpg,2
INDIA20_160.jpg,2
INDIA20_161.jpg,2
INDIA20_162.jpg,2
INDIA20_163.jpg,2
INDIA20_164.jpg,2
INDIA20_165.jpg,2
INDIA20_166.jpg,2
INDIA20_167.jpg,2
INDIA20_168.jpg,2
INDIA20_169.jpg,2
INDIA20_17.jpg,2
INDIA20_170.jpg,2
INDIA20_171.jpg,2
INDIA20_172.jpg,2
INDIA20_173.jpg,2
INDIA20_174.jpg,2
INDIA20_175.jpg,2
INDIA20_176.jpg,2
INDIA20_177.jpg,2
INDIA20_178.jpg,2
INDIA20_179.jpg,2
INDIA20_18.jpg,2
INDIA20_180.jpg,2
INDIA20_181.jpg,2
INDIA20_182.jpg,2
INDIA20_183.jpg,2
INDIA20_184.jpg,2
INDIA20_185.jpg,2
INDIA20_186.jpg,2
INDIA20_187.jpg,2
INDIA20_188.jpg,2
INDIA20_189.jpg,2
INDIA20_19.jpg,2
INDIA20_190.jpg,2
INDIA20_2.jpg,2
INDIA20_20.jpg,2
INDIA20_21.jpg,2
INDIA20_22.jpg,2
INDIA20_23.jpg,2
INDIA20_24.jpg,2
INDIA20_25.jpg,2
INDIA20_26.jpg,2
INDIA20_27.jpg,2
INDIA20_28.jpg,2
INDIA20_29.jpg,2
INDIA20_3.jpg,2
INDIA20_30.jpg,2
INDIA20_31.jpg,2
INDIA20_32.jpg,2
INDIA20_33.jpg,2
INDIA20_34.jpg,2
INDIA20_35.jpg,2
INDIA20_36.jpg,2
INDIA20_37.jpg,2
INDIA20_38.jpg,2
INDIA20_39.jpg,2
INDIA20_4.jpg,2
INDIA20_40.jpg,2
INDIA20_41.jpg,2
INDIA20_42.jpg,2
INDIA20_43.jpg,2
INDIA20_44.jpg,2
INDIA20_45.jpg,2
INDIA20_46.jpg,2
INDIA20_47.jpg,2
INDIA20_48.jpg,2
INDIA20_49.jpg,2
INDIA20_5.jpg,2
INDIA20_50.jpg,2
INDIA20_51.jpg,2
INDIA20_52.jpg,2
INDIA20_53.jpg,2
INDIA20_54.jpg,2
INDIA20_55.jpg,2
INDIA20_56.jpg,2
INDIA20_57.jpg,2
INDIA20_58.jpg,2
INDIA20_59.jpg,2
INDIA20_6.jpg,2
INDIA20_60.jpg,2
INDIA20_61.jpg,2
INDIA20_62.jpg,2
INDIA20_63.jpg,2
INDIA20_64.jpg,2
INDIA20_65.jpg,2
INDIA20_66.jpg,2
INDIA20_67.jpg,2
INDIA20_68.jpg,2
INDIA20_69.jpg,2
INDIA20_7.jpg,2
INDIA20_70.jpg,2
INDIA20_71.jpg,2
INDIA20_72.jpg,2
INDIA20_73.jpg,2
INDIA20_74.jpg,2
INDIA20_75.jpg,2
INDIA20_76.jpg,2
INDIA20_77.jpg,2
INDIA20_78.jpg,2
INDIA20_79.jpg,2
INDIA20_8.jpg,2
INDIA20_80.jpg,2
INDIA20_81.jpg,2
INDIA20_82.jpg,2
INDIA20_83.jpg,2
INDIA20_84.jpg,2
INDIA20_85.jpg,2
INDIA20_86.jpg,2
INDIA20_87.jpg,2
INDIA20_88.jpg,2
INDIA20_89.jpg,2
INDIA20_9.jpg,2
INDIA20_90.jpg,2
INDIA20_91.jpg,2
INDIA20_92.jpg,2
INDIA20_93.jpg,2
INDIA20_94.jpg,2
INDIA20_95.jpg,2
INDIA20_96.jpg,2
INDIA20_97.jpg,2
INDIA20_98.jpg,2
INDIA20_99.jpg,2
INDIA50OLD_1.jpg,3
INDIA50OLD_10.jpg,3
INDIA50OLD_100.jpg,3
INDIA50OLD_101.jpg,3
INDIA50OLD_102.jpg,3
INDIA50OLD_103.jpg,3
INDIA50OLD_104.jpg,3
INDIA50OLD_105.jpg,3
INDIA50OLD_106.jpg,3
INDIA50OLD_107.jpg,3
INDIA50OLD_108.jpg,3
INDIA50OLD_109.jpg,3
INDIA50OLD_11.jpg,3
INDIA50OLD_110.jpg,3
INDIA50OLD_111.jpg,3
INDIA50OLD_112.jpg,3
INDIA50OLD_113.jpg,3
INDIA50OLD_114.jpg,3
INDIA50OLD_115.jpg,3
INDIA50OLD_116.jpg,3
INDIA50OLD_117.jpg,3
INDIA50OLD_118.jpg,3
INDIA50OLD_119.jpg,3
INDIA50OLD_12.jpg,3
INDIA50OLD_120.jpg,3
INDIA50OLD_121.jpg,3
INDIA50OLD_122.jpg,3
INDIA50OLD_123.jpg,3
INDIA50OLD_124.jpg,3
INDIA50OLD_125.jpg,3
INDIA50OLD_126.jpg,3
INDIA50OLD_127.jpg,3
INDIA50OLD_128.jpg,3
INDIA50OLD_129.jpg,3
INDIA50OLD_13.jpg,3
INDIA50OLD_130.jpg,3
INDIA50OLD_131.jpg,3
INDIA50OLD_132.jpg,3
INDIA50OLD_133.jpg,3
INDIA50OLD_134.jpg,3
INDIA50OLD_135.jpg,3
INDIA50OLD_136.jpg,3
INDIA50OLD_137.jpg,3
INDIA50OLD_138.jpg,3
INDIA50OLD_139.jpg,3
INDIA50OLD_14.jpg,3
INDIA50OLD_140.jpg,3
INDIA50OLD_141.jpg,3
INDIA50OLD_142.jpg,3
INDIA50OLD_143.jpg,3
INDIA50OLD_144.jpg,3
INDIA50OLD_145.jpg,3
INDIA50OLD_146.jpg,3
INDIA50OLD_147.jpg,3
INDIA50OLD_148.jpg,3
INDIA50OLD_149.jpg,3
INDIA50OLD_15.jpg,3
INDIA50OLD_150.jpg,3
INDIA50OLD_151.jpg,3
INDIA50OLD_152.jpg,3
INDIA50OLD_153.jpg,3
INDIA50OLD_154.jpg,3
INDIA50OLD_155.jpg,3
INDIA50OLD_156.jpg,3
INDIA50OLD_157.jpg,3
INDIA50OLD_158.jpg,3
INDIA50OLD_159.jpg,3
INDIA50OLD_16.jpg,3
INDIA50OLD_160.jpg,3
INDIA50OLD_161.jpg,3
INDIA50OLD_162.jpg,3
INDIA50OLD_163.jpg,3
INDIA50OLD_164.jpg,3
INDIA50OLD_165.jpg,3
INDIA50OLD_166.jpg,3
INDIA50OLD_167.jpg,3
INDIA50OLD_168.jpg,3
INDIA50OLD_169.jpg,3
INDIA50OLD_17.jpg,3
INDIA50OLD_170.jpg,3
INDIA50OLD_171.jpg,3
INDIA50OLD_172.jpg,3
INDIA50OLD_173.jpg,3
INDIA50OLD_174.jpg,3
INDIA50OLD_175.jpg,3
INDIA50OLD_176.jpg,3
INDIA50OLD_177.jpg,3
INDIA50OLD_178.jpg,3
INDIA50OLD_179.jpg,3
INDIA50OLD_18.jpg,3
INDIA50OLD_180.jpg,3
INDIA50OLD_181.jpg,3
INDIA50OLD_182.jpg,3
INDIA50OLD_183.jpg,3
INDIA50OLD_184.jpg,3
INDIA50OLD_185.jpg,3
INDIA50OLD_186.jpg,3
INDIA50OLD_187.jpg,3
INDIA50OLD_188.jpg,3
INDIA50OLD_189.jpg,3
INDIA50OLD_19.jpg,3
INDIA50OLD_190.jpg,3
INDIA50OLD_2.jpg,3
INDIA50OLD_20.jpg,3
INDIA50OLD_21.jpg,3
INDIA50OLD_22.jpg,3
INDIA50OLD_23.jpg,3
INDIA50OLD_24.jpg,3
INDIA50OLD_25.jpg,3
INDIA50OLD_26.jpg,3
INDIA50OLD_27.jpg,3
INDIA50OLD_28.jpg,3
INDIA50OLD_29.jpg,3
INDIA50OLD_3.jpg,3
INDIA50OLD_30.jpg,3
INDIA50OLD_31.jpg,3
INDIA50OLD_32.jpg,3
INDIA50OLD_33.jpg,3
INDIA50OLD_34.jpg,3
INDIA50OLD_35.jpg,3
INDIA50OLD_36.jpg,3
INDIA50OLD_37.jpg,3
INDIA50OLD_38.jpg,3
INDIA50OLD_39.jpg,3
INDIA50OLD_4.jpg,3
INDIA50OLD_40.jpg,3
INDIA50OLD_41.jpg,3
INDIA50OLD_42.jpg,3
INDIA50OLD_43.jpg,3
INDIA50OLD_44.jpg,3
INDIA50OLD_45.jpg,3
INDIA50OLD_46.jpg,3
INDIA50OLD_47.jpg,3
INDIA50OLD_48.jpg,3
INDIA50OLD_49.jpg,3
INDIA50OLD_5.jpg,3
INDIA50OLD_50.jpg,3
INDIA50OLD_51.jpg,3
INDIA50OLD_52.jpg,3
INDIA50OLD_53.jpg,3
INDIA50OLD_54.jpg,3
INDIA50OLD_55.jpg,3
INDIA50OLD_56.jpg,3
INDIA50OLD_57.jpg,3
INDIA50OLD_58.jpg,3
INDIA50OLD_59.jpg,3
INDIA50OLD_6.jpg,3
INDIA50OLD_60.jpg,3
INDIA50OLD_61.jpg,3
INDIA50OLD_62.jpg,3
INDIA50OLD_63.jpg,3
INDIA50OLD_64.jpg,3
INDIA50OLD_65.jpg,3
INDIA50OLD_66.jpg,3
INDIA50OLD_67.jpg,3
INDIA50OLD_68.jpg,3
INDIA50OLD_69.jpg,3
INDIA50OLD_7.jpg,3
INDIA50OLD_70.jpg,3
INDIA50OLD_71.jpg,3
INDIA50OLD_72.jpg,3
INDIA50OLD_73.jpg,3
INDIA50OLD_74.jpg,3
INDIA50OLD_75.jpg,3
INDIA50OLD_76.jpg,3
INDIA50OLD_77.jpg,3
INDIA50OLD_78.jpg,3
INDIA50OLD_79.jpg,3
INDIA50OLD_8.jpg,3
INDIA50OLD_80.jpg,3
INDIA50OLD_81.jpg,3
INDIA50OLD_82.jpg,3
INDIA50OLD_83.jpg,3
INDIA50OLD_84.jpg,3
INDIA50OLD_85.jpg,3
INDIA50OLD_86.jpg,3
INDIA50OLD_87.jpg,3
INDIA50OLD_88.jpg,3
INDIA50OLD_89.jpg,3
INDIA50OLD_9.jpg,3
INDIA50OLD_90.jpg,3
INDIA50OLD_91.jpg,3
INDIA50OLD_92.jpg,3
INDIA50OLD_93.jpg,3
INDIA50OLD_94.jpg,3
INDIA50OLD_95.jpg,3
INDIA50OLD_96.jpg,3
INDIA50OLD_97.jpg,3
INDIA50OLD_98.jpg,3
INDIA50OLD_99.jpg,3
INDIA50NEW_1.jpg,4
INDIA50NEW_10.jpg,4
INDIA50NEW_100.jpg,4
INDIA50NEW_101.jpg,4
INDIA50NEW_102.jpg,4
INDIA50NEW_103.jpg,4
INDIA50NEW_104.jpg,4
INDIA50NEW_105.jpg,4
INDIA50NEW_106.jpg,4
INDIA50NEW_107.jpg,4
INDIA50NEW_108.jpg,4
INDIA50NEW_109.jpg,4
INDIA50NEW_11.jpg,4
INDIA50NEW_110.jpg,4
INDIA50NEW_111.jpg,4
INDIA50NEW_112.jpg,4
INDIA50NEW_113.jpg,4
INDIA50NEW_114.jpg,4
INDIA50NEW_115.jpg,4
INDIA50NEW_116.jpg,4
INDIA50NEW_117.jpg,4
INDIA50NEW_118.jpg,4
INDIA50NEW_119.jpg,4
INDIA50NEW_12.jpg,4
INDIA50NEW_120.jpg,4
INDIA50NEW_121.jpg,4
INDIA50NEW_122.jpg,4
INDIA50NEW_123.jpg,4
INDIA50NEW_124.jpg,4
INDIA50NEW_125.jpg,4
INDIA50NEW_126.jpg,4
INDIA50NEW_127.jpg,4
INDIA50NEW_128.jpg,4
INDIA50NEW_129.jpg,4
INDIA50NEW_13.jpg,4
INDIA50NEW_130.jpg,4
INDIA50NEW_131.jpg,4
INDIA50NEW_132.jpg,4
INDIA50NEW_133.jpg,4
INDIA50NEW_134.jpg,4
INDIA50NEW_135.jpg,4
INDIA50NEW_136.jpg,4
INDIA50NEW_137.jpg,4
INDIA50NEW_138.jpg,4
INDIA50NEW_139.jpg,4
INDIA50NEW_14.jpg,4
INDIA50NEW_140.jpg,4
INDIA50NEW_141.jpg,4
INDIA50NEW_142.jpg,4
INDIA50NEW_143.jpg,4
INDIA50NEW_144.jpg,4
INDIA50NEW_145.jpg,4
INDIA50NEW_146.jpg,4
INDIA50NEW_147.jpg,4
INDIA50NEW_148.jpg,4
INDIA50NEW_149.jpg,4
INDIA50NEW_15.jpg,4
INDIA50NEW_150.jpg,4
INDIA50NEW_151.jpg,4
INDIA50NEW_152.jpg,4
INDIA50NEW_153.jpg,4
INDIA50NEW_154.jpg,4
INDIA50NEW_155.jpg,4
INDIA50NEW_156.jpg,4
INDIA50NEW_157.jpg,4
INDIA50NEW_158.jpg,4
INDIA50NEW_159.jpg,4
INDIA50NEW_16.jpg,4
INDIA50NEW_160.jpg,4
INDIA50NEW_161.jpg,4
INDIA50NEW_162.jpg,4
INDIA50NEW_163.jpg,4
INDIA50NEW_164.jpg,4
INDIA50NEW_165.jpg,4
INDIA50NEW_166.jpg,4
INDIA50NEW_167.jpg,4
INDIA50NEW_168.jpg,4
INDIA50NEW_169.jpg,4
INDIA50NEW_17.jpg,4
INDIA50NEW_170.jpg,4
INDIA50NEW_171.jpg,4
INDIA50NEW_172.jpg,4
INDIA50NEW_173.jpg,4
INDIA50NEW_174.jpg,4
INDIA50NEW_175.jpg,4
INDIA50NEW_176.jpg,4
INDIA50NEW_177.jpg,4
INDIA50NEW_178.jpg,4
INDIA50NEW_179.jpg,4
INDIA50NEW_18.jpg,4
INDIA50NEW_180.jpg,4
INDIA50NEW_181.jpg,4
INDIA50NEW_182.jpg,4
INDIA50NEW_183.jpg,4
INDIA50NEW_184.jpg,4
INDIA50NEW_185.jpg,4
INDIA50NEW_186.jpg,4
INDIA50NEW_187.jpg,4
INDIA50NEW_188.jpg,4
INDIA50NEW_189.jpg,4
INDIA50NEW_19.jpg,4
INDIA50NEW_190.jpg,4
INDIA50NEW_2.jpg,4
INDIA50NEW_20.jpg,4
INDIA50NEW_21.jpg,4
INDIA50NEW_22.jpg,4
INDIA50NEW_23.jpg,4
INDIA50NEW_24.jpg,4
INDIA50NEW_25.jpg,4
INDIA50NEW_26.jpg,4
INDIA50NEW_27.jpg,4
INDIA50NEW_28.jpg,4
INDIA50NEW_29.jpg,4
INDIA50NEW_3.jpg,4
INDIA50NEW_30.jpg,4
INDIA50NEW_31.jpg,4
INDIA50NEW_32.jpg,4
INDIA50NEW_33.jpg,4
INDIA50NEW_34.jpg,4
INDIA50NEW_35.jpg,4
INDIA50NEW_36.jpg,4
INDIA50NEW_37.jpg,4
INDIA50NEW_38.jpg,4
INDIA50NEW_39.jpg,4
INDIA50NEW_4.jpg,4
INDIA50NEW_40.jpg,4
INDIA50NEW_41.jpg,4
INDIA50NEW_42.jpg,4
INDIA50NEW_43.jpg,4
INDIA50NEW_44.jpg,4
INDIA50NEW_45.jpg,4
INDIA50NEW_46.jpg,4
INDIA50NEW_47.jpg,4
INDIA50NEW_48.jpg,4
INDIA50NEW_49.jpg,4
INDIA50NEW_5.jpg,4
INDIA50NEW_50.jpg,4
INDIA50NEW_51.jpg,4
INDIA50NEW_52.jpg,4
INDIA50NEW_53.jpg,4
INDIA50NEW_54.jpg,4
INDIA50NEW_55.jpg,4
INDIA50NEW_56.jpg,4
INDIA50NEW_57.jpg,4
INDIA50NEW_58.jpg,4
INDIA50NEW_59.jpg,4
INDIA50NEW_6.jpg,4
INDIA50NEW_60.jpg,4
INDIA50NEW_61.jpg,4
INDIA50NEW_62.jpg,4
INDIA50NEW_63.jpg,4
INDIA50NEW_64.jpg,4
INDIA50NEW_65.jpg,4
INDIA50NEW_66.jpg,4
INDIA50NEW_67.jpg,4
INDIA50NEW_68.jpg,4
INDIA50NEW_69.jpg,4
INDIA50NEW_7.jpg,4
INDIA50NEW_70.jpg,4
INDIA50NEW_71.jpg,4
INDIA50NEW_72.jpg,4
INDIA50NEW_73.jpg,4
INDIA50NEW_74.jpg,4
INDIA50NEW_75.jpg,4
INDIA50NEW_76.jpg,4
INDIA50NEW_77.jpg,4
INDIA50NEW_78.jpg,4
INDIA50NEW_79.jpg,4
INDIA50NEW_8.jpg,4
INDIA50NEW_80.jpg,4
INDIA50NEW_81.jpg,4
INDIA50NEW_82.jpg,4
INDIA50NEW_83.jpg,4
INDIA50NEW_84.jpg,4
INDIA50NEW_85.jpg,4
INDIA50NEW_86.jpg,4
INDIA50NEW_87.jpg,4
INDIA50NEW_88.jpg,4
INDIA50NEW_89.jpg,4
INDIA50NEW_9.jpg,4
INDIA50NEW_90.jpg,4
INDIA50NEW_91.jpg,4
INDIA50NEW_92.jpg,4
INDIA50NEW_93.jpg,4
INDIA50NEW_94.jpg,4
INDIA50NEW_95.jpg,4
INDIA50NEW_96.jpg,4
INDIA50NEW_97.jpg,4
INDIA50NEW_98.jpg,4
INDIA50NEW_99.jpg,4
INDIA500_1.jpg,5
INDIA500_10.jpg,5
INDIA500_100.jpg,5
INDIA500_101.jpg,5
INDIA500_102.jpg,5
INDIA500_103.jpg,5
INDIA500_104.jpg,5
INDIA500_105.jpg,5
INDIA500_106.jpg,5
INDIA500_107.jpg,5
INDIA500_108.jpg,5
INDIA500_109.jpg,5
INDIA500_11.jpg,5
INDIA500_110.jpg,5
INDIA500_111.jpg,5
INDIA500_112.jpg,5
INDIA500_113.jpg,5
INDIA500_114.jpg,5
INDIA500_115.jpg,5
INDIA500_116.jpg,5
INDIA500_117.jpg,5
INDIA500_118.jpg,5
INDIA500_119.jpg,5
INDIA500_12.jpg,5
INDIA500_120.jpg,5
INDIA500_121.jpg,5
INDIA500_122.jpg,5
INDIA500_123.jpg,5
INDIA500_124.jpg,5
INDIA500_125.jpg,5
INDIA500_126.jpg,5
INDIA500_127.jpg,5
INDIA500_128.jpg,5
INDIA500_129.jpg,5
INDIA500_13.jpg,5
INDIA500_130.jpg,5
INDIA500_131.jpg,5
INDIA500_132.jpg,5
INDIA500_133.jpg,5
INDIA500_134.jpg,5
INDIA500_135.jpg,5
INDIA500_136.jpg,5
INDIA500_137.jpg,5
INDIA500_138.jpg,5
INDIA500_139.jpg,5
INDIA500_14.jpg,5
INDIA500_140.jpg,5
INDIA500_141.jpg,5
INDIA500_142.jpg,5
INDIA500_143.jpg,5
INDIA500_144.jpg,5
INDIA500_145.jpg,5
INDIA500_146.jpg,5
INDIA500_147.jpg,5
INDIA500_148.jpg,5
INDIA500_149.jpg,5
INDIA500_15.jpg,5
INDIA500_150.jpg,5
INDIA500_151.jpg,5
INDIA500_152.jpg,5
INDIA500_153.jpg,5
INDIA500_154.jpg,5
INDIA500_155.jpg,5
INDIA500_156.jpg,5
INDIA500_157.jpg,5
INDIA500_158.jpg,5
INDIA500_159.jpg,5
INDIA500_16.jpg,5
INDIA500_160.jpg,5
INDIA500_161.jpg,5
INDIA500_162.jpg,5
INDIA500_163.jpg,5
INDIA500_164.jpg,5
INDIA500_165.jpg,5
INDIA500_166.jpg,5
INDIA500_167.jpg,5
INDIA500_168.jpg,5
INDIA500_169.jpg,5
INDIA500_17.jpg,5
INDIA500_170.jpg,5
INDIA500_171.jpg,5
INDIA500_172.jpg,5
INDIA500_173.jpg,5
INDIA500_174.jpg,5
INDIA500_175.jpg,5
INDIA500_176.jpg,5
INDIA500_177.jpg,5
INDIA500_178.jpg,5
INDIA500_179.jpg,5
INDIA500_18.jpg,5
INDIA500_180.jpg,5
INDIA500_181.jpg,5
INDIA500_182.jpg,5
INDIA500_183.jpg,5
INDIA500_184.jpg,5
INDIA500_185.jpg,5
INDIA500_186.jpg,5
INDIA500_187.jpg,5
INDIA500_188.jpg,5
INDIA500_189.jpg,5
INDIA500_19.jpg,5
INDIA500_190.jpg,5
INDIA500_2.jpg,5
INDIA500_20.jpg,5
INDIA500_21.jpg,5
INDIA500_22.jpg,5
INDIA500_23.jpg,5
INDIA500_24.jpg,5
INDIA500_25.jpg,5
INDIA500_26.jpg,5
INDIA500_27.jpg,5
INDIA500_28.jpg,5
INDIA500_29.jpg,5
INDIA500_3.jpg,5
INDIA500_30.jpg,5
INDIA500_31.jpg,5
INDIA500_32.jpg,5
INDIA500_33.jpg,5
INDIA500_34.jpg,5
INDIA500_35.jpg,5
INDIA500_36.jpg,5
INDIA500_37.jpg,5
INDIA500_38.jpg,5
INDIA500_39.jpg,5
INDIA500_4.jpg,5
INDIA500_40.jpg,5
INDIA500_41.jpg,5
INDIA500_42.jpg,5
INDIA500_43.jpg,5
INDIA500_44.jpg,5
INDIA500_45.jpg,5
INDIA500_46.jpg,5
INDIA500_47.jpg,5
INDIA500_48.jpg,5
INDIA500_49.jpg,5
INDIA500_5.jpg,5
INDIA500_50.jpg,5
INDIA500_51.jpg,5
INDIA500_52.jpg,5
INDIA500_53.jpg,5
INDIA500_54.jpg,5
INDIA500_55.jpg,5
INDIA500_56.jpg,5
INDIA500_57.jpg,5
INDIA500_58.jpg,5
INDIA500_59.jpg,5
INDIA500_6.jpg,5
INDIA500_60.jpg,5
INDIA500_61.jpg,5
INDIA500_62.jpg,5
INDIA500_63.jpg,5
INDIA500_64.jpg,5
INDIA500_65.jpg,5
INDIA500_66.jpg,5
INDIA500_67.jpg,5
INDIA500_68.jpg,5
INDIA500_69.jpg,5
INDIA500_7.jpg,5
INDIA500_70.jpg,5
INDIA500_71.jpg,5
INDIA500_72.jpg,5
INDIA500_73.jpg,5
INDIA500_74.jpg,5
INDIA500_75.jpg,5
INDIA500_76.jpg,5
INDIA500_77.jpg,5
INDIA500_78.jpg,5
INDIA500_79.jpg,5
INDIA500_8.jpg,5
INDIA500_80.jpg,5
INDIA500_81.jpg,5
INDIA500_82.jpg,5
INDIA500_83.jpg,5
INDIA500_84.jpg,5
INDIA500_85.jpg,5
INDIA500_86.jpg,5
INDIA500_87.jpg,5
INDIA500_88.jpg,5
INDIA500_89.jpg,5
INDIA500_9.jpg,5
INDIA500_90.jpg,5
INDIA500_91.jpg,5
INDIA500_92.jpg,5
INDIA500_93.jpg,5
INDIA500_94.jpg,5
INDIA500_95.jpg,5
INDIA500_96.jpg,5
INDIA500_97.jpg,5
INDIA500_98.jpg,5
INDIA500_99.jpg,5
INDIA100OLD_1.jpg,6
INDIA100OLD_10.jpg,6
INDIA100OLD_100.jpg,6
INDIA100OLD_101.jpg,6
INDIA100OLD_102.jpg,6
INDIA100OLD_103.jpg,6
INDIA100OLD_104.jpg,6
INDIA100OLD_105.jpg,6
INDIA100OLD_106.jpg,6
INDIA100OLD_107.jpg,6
INDIA100OLD_108.jpg,6
INDIA100OLD_109.jpg,6
INDIA100OLD_11.jpg,6
INDIA100OLD_110.jpg,6
INDIA100OLD_111.jpg,6
INDIA100OLD_112.jpg,6
INDIA100OLD_113.jpg,6
INDIA100OLD_114.jpg,6
INDIA100OLD_115.jpg,6
INDIA100OLD_116.jpg,6
INDIA100OLD_117.jpg,6
INDIA100OLD_118.jpg,6
INDIA100OLD_119.jpg,6
INDIA100OLD_12.jpg,6
INDIA100OLD_120.jpg,6
INDIA100OLD_121.jpg,6
INDIA100OLD_122.jpg,6
INDIA100OLD_123.jpg,6
INDIA100OLD_124.jpg,6
INDIA100OLD_125.jpg,6
INDIA100OLD_126.jpg,6
INDIA100OLD_127.jpg,6
INDIA100OLD_128.jpg,6
INDIA100OLD_129.jpg,6
INDIA100OLD_13.jpg,6
INDIA100OLD_130.jpg,6
INDIA100OLD_131.jpg,6
INDIA100OLD_132.jpg,6
INDIA100OLD_133.jpg,6
INDIA100OLD_134.jpg,6
INDIA100OLD_135.jpg,6
INDIA100OLD_136.jpg,6
INDIA100OLD_137.jpg,6
INDIA100OLD_138.jpg,6
INDIA100OLD_139.jpg,6
INDIA100OLD_14.jpg,6
INDIA100OLD_140.jpg,6
INDIA100OLD_141.jpg,6
INDIA100OLD_142.jpg,6
INDIA100OLD_143.jpg,6
INDIA100OLD_144.jpg,6
INDIA100OLD_145.jpg,6
INDIA100OLD_146.jpg,6
INDIA100OLD_147.jpg,6
INDIA100OLD_148.jpg,6
INDIA100OLD_149.jpg,6
INDIA100OLD_15.jpg,6
INDIA100OLD_150.jpg,6
INDIA100OLD_151.jpg,6
INDIA100OLD_152.jpg,6
INDIA100OLD_153.jpg,6
INDIA100OLD_154.jpg,6
INDIA100OLD_155.jpg,6
INDIA100OLD_156.jpg,6
INDIA100OLD_157.jpg,6
INDIA100OLD_158.jpg,6
INDIA100OLD_159.jpg,6
INDIA100OLD_16.jpg,6
INDIA100OLD_160.jpg,6
INDIA100OLD_161.jpg,6
INDIA100OLD_162.jpg,6
INDIA100OLD_163.jpg,6
INDIA100OLD_164.jpg,6
INDIA100OLD_165.jpg,6
INDIA100OLD_166.jpg,6
INDIA100OLD_167.jpg,6
INDIA100OLD_168.jpg,6
INDIA100OLD_169.jpg,6
INDIA100OLD_17.jpg,6
INDIA100OLD_170.jpg,6
INDIA100OLD_171.jpg,6
INDIA100OLD_172.jpg,6
INDIA100OLD_173.jpg,6
INDIA100OLD_174.jpg,6
INDIA100OLD_175.jpg,6
INDIA100OLD_176.jpg,6
INDIA100OLD_177.jpg,6
INDIA100OLD_178.jpg,6
INDIA100OLD_179.jpg,6
INDIA100OLD_18.jpg,6
INDIA100OLD_180.jpg,6
INDIA100OLD_181.jpg,6
INDIA100OLD_182.jpg,6
INDIA100OLD_183.jpg,6
INDIA100OLD_184.jpg,6
INDIA100OLD_185.jpg,6
INDIA100OLD_186.jpg,6
INDIA100OLD_187.jpg,6
INDIA100OLD_188.jpg,6
INDIA100OLD_189.jpg,6
INDIA100OLD_19.jpg,6
INDIA100OLD_190.jpg,6
INDIA100OLD_2.jpg,6
INDIA100OLD_20.jpg,6
INDIA100OLD_21.jpg,6
INDIA100OLD_22.jpg,6
INDIA100OLD_23.jpg,6
INDIA100OLD_24.jpg,6
INDIA100OLD_25.jpg,6
INDIA100OLD_26.jpg,6
INDIA100OLD_27.jpg,6
INDIA100OLD_28.jpg,6
INDIA100OLD_29.jpg,6
INDIA100OLD_3.jpg,6
INDIA100OLD_30.jpg,6
INDIA100OLD_31.jpg,6
INDIA100OLD_32.jpg,6
INDIA100OLD_33.jpg,6
INDIA100OLD_34.jpg,6
INDIA100OLD_35.jpg,6
INDIA100OLD_36.jpg,6
INDIA100OLD_37.jpg,6
INDIA100OLD_38.jpg,6
INDIA100OLD_39.jpg,6
INDIA100OLD_4.jpg,6
INDIA100OLD_40.jpg,6
INDIA100OLD_41.jpg,6
INDIA100OLD_42.jpg,6
INDIA100OLD_43.jpg,6
INDIA100OLD_44.jpg,6
INDIA100OLD_45.jpg,6
INDIA100OLD_46.jpg,6
INDIA100OLD_47.jpg,6
INDIA100OLD_48.jpg,6
INDIA100OLD_49.jpg,6
INDIA100OLD_5.jpg,6
INDIA100OLD_50.jpg,6
INDIA100OLD_51.jpg,6
INDIA100OLD_52.jpg,6
INDIA100OLD_53.jpg,6
INDIA100OLD_54.jpg,6
INDIA100OLD_55.jpg,6
INDIA100OLD_56.jpg,6
INDIA100OLD_57.jpg,6
INDIA100OLD_58.jpg,6
INDIA100OLD_59.jpg,6
INDIA100OLD_6.jpg,6
INDIA100OLD_60.jpg,6
INDIA100OLD_61.jpg,6
INDIA100OLD_62.jpg,6
INDIA100OLD_63.jpg,6
INDIA100OLD_64.jpg,6
INDIA100OLD_65.jpg,6
INDIA100OLD_66.jpg,6
INDIA100OLD_67.jpg,6
INDIA100OLD_68.jpg,6
INDIA100OLD_69.jpg,6
INDIA100OLD_7.jpg,6
INDIA100OLD_70.jpg,6
INDIA100OLD_71.jpg,6
INDIA100OLD_72.jpg,6
INDIA100OLD_73.jpg,6
INDIA100OLD_74.jpg,6
INDIA100OLD_75.jpg,6
INDIA100OLD_76.jpg,6
INDIA100OLD_77.jpg,6
INDIA100OLD_78.jpg,6
INDIA100OLD_79.jpg,6
INDIA100OLD_8.jpg,6
INDIA100OLD_80.jpg,6
INDIA100OLD_81.jpg,6
INDIA100OLD_82.jpg,6
INDIA100OLD_83.jpg,6
INDIA100OLD_84.jpg,6
INDIA100OLD_85.jpg,6
INDIA100OLD_86.jpg,6
INDIA100OLD_87.jpg,6
INDIA100OLD_88.jpg,6
INDIA100OLD_89.jpg,6
INDIA100OLD_9.jpg,6
INDIA100OLD_90.jpg,6
INDIA100OLD_91.jpg,6
INDIA100OLD_92.jpg,6
INDIA100OLD_93.jpg,6
INDIA100OLD_94.jpg,6
INDIA100OLD_95.jpg,6
INDIA100OLD_96.jpg,6
INDIA100OLD_97.jpg,6
INDIA100OLD_98.jpg,6
INDIA100OLD_99.jpg,6
INDIA100NEW_1.jpg,7
INDIA100NEW_10.jpg,7
INDIA100NEW_100.jpg,7
INDIA100NEW_101.jpg,7
INDIA100NEW_102.jpg,7
INDIA100NEW_103.jpg,7
INDIA100NEW_104.jpg,7
INDIA100NEW_105.jpg,7
INDIA100NEW_106.jpg,7
INDIA100NEW_107.jpg,7
INDIA100NEW_108.jpg,7
INDIA100NEW_109.jpg,7
INDIA100NEW_11.jpg,7
INDIA100NEW_110.jpg,7
INDIA100NEW_111.jpg,7
INDIA100NEW_112.jpg,7
INDIA100NEW_113.jpg,7
INDIA100NEW_114.jpg,7
INDIA100NEW_115.jpg,7
INDIA100NEW_116.jpg,7
INDIA100NEW_117.jpg,7
INDIA100NEW_118.jpg,7
INDIA100NEW_119.jpg,7
INDIA100NEW_12.jpg,7
INDIA100NEW_120.jpg,7
INDIA100NEW_121.jpg,7
INDIA100NEW_122.jpg,7
INDIA100NEW_123.jpg,7
INDIA100NEW_124.jpg,7
INDIA100NEW_125.jpg,7
INDIA100NEW_126.jpg,7
INDIA100NEW_127.jpg,7
INDIA100NEW_128.jpg,7
INDIA100NEW_129.jpg,7
INDIA100NEW_13.jpg,7
INDIA100NEW_130.jpg,7
INDIA100NEW_131.jpg,7
INDIA100NEW_132.jpg,7
INDIA100NEW_133.jpg,7
INDIA100NEW_134.jpg,7
INDIA100NEW_135.jpg,7
INDIA100NEW_136.jpg,7
INDIA100NEW_137.jpg,7
INDIA100NEW_138.jpg,7
INDIA100NEW_139.jpg,7
INDIA100NEW_14.jpg,7
INDIA100NEW_140.jpg,7
INDIA100NEW_141.jpg,7
INDIA100NEW_142.jpg,7
INDIA100NEW_143.jpg,7
INDIA100NEW_144.jpg,7
INDIA100NEW_145.jpg,7
INDIA100NEW_146.jpg,7
INDIA100NEW_147.jpg,7
INDIA100NEW_148.jpg,7
INDIA100NEW_149.jpg,7
INDIA100NEW_15.jpg,7
INDIA100NEW_150.jpg,7
INDIA100NEW_151.jpg,7
INDIA100NEW_152.jpg,7
INDIA100NEW_153.jpg,7
INDIA100NEW_154.jpg,7
INDIA100NEW_155.jpg,7
INDIA100NEW_156.jpg,7
INDIA100NEW_157.jpg,7
INDIA100NEW_158.jpg,7
INDIA100NEW_159.jpg,7
INDIA100NEW_16.jpg,7
INDIA100NEW_160.jpg,7
INDIA100NEW_161.jpg,7
INDIA100NEW_162.jpg,7
INDIA100NEW_163.jpg,7
INDIA100NEW_164.jpg,7
INDIA100NEW_165.jpg,7
INDIA100NEW_166.jpg,7
INDIA100NEW_167.jpg,7
INDIA100NEW_168.jpg,7
INDIA100NEW_169.jpg,7
INDIA100NEW_17.jpg,7
INDIA100NEW_170.jpg,7
INDIA100NEW_171.jpg,7
INDIA100NEW_172.jpg,7
INDIA100NEW_173.jpg,7
INDIA100NEW_174.jpg,7
INDIA100NEW_175.jpg,7
INDIA100NEW_176.jpg,7
INDIA100NEW_177.jpg,7
INDIA100NEW_178.jpg,7
INDIA100NEW_179.jpg,7
INDIA100NEW_18.jpg,7
INDIA100NEW_180.jpg,7
INDIA100NEW_181.jpg,7
INDIA100NEW_182.jpg,7
INDIA100NEW_183.jpg,7
INDIA100NEW_184.jpg,7
INDIA100NEW_185.jpg,7
INDIA100NEW_186.jpg,7
INDIA100NEW_187.jpg,7
INDIA100NEW_188.jpg,7
INDIA100NEW_189.jpg,7
INDIA100NEW_19.jpg,7
INDIA100NEW_190.jpg,7
INDIA100NEW_2.jpg,7
INDIA100NEW_20.jpg,7
INDIA100NEW_21.jpg,7
INDIA100NEW_22.jpg,7
INDIA100NEW_23.jpg,7
INDIA100NEW_24.jpg,7
INDIA100NEW_25.jpg,7
INDIA100NEW_26.jpg,7
INDIA100NEW_27.jpg,7
INDIA100NEW_28.jpg,7
INDIA100NEW_29.jpg,7
INDIA100NEW_3.jpg,7
INDIA100NEW_30.jpg,7
INDIA100NEW_31.jpg,7
INDIA100NEW_32.jpg,7
INDIA100NEW_33.jpg,7
INDIA100NEW_34.jpg,7
INDIA100NEW_35.jpg,7
INDIA100NEW_36.jpg,7
INDIA100NEW_37.jpg,7
INDIA100NEW_38.jpg,7
INDIA100NEW_39.jpg,7
INDIA100NEW_4.jpg,7
INDIA100NEW_40.jpg,7
INDIA100NEW_41.jpg,7
INDIA100NEW_42.jpg,7
INDIA100NEW_43.jpg,7
INDIA100NEW_44.jpg,7
INDIA100NEW_45.jpg,7
INDIA100NEW_46.jpg,7
INDIA100NEW_47.jpg,7
INDIA100NEW_48.jpg,7
INDIA100NEW_49.jpg,7
INDIA100NEW_5.jpg,7
INDIA100NEW_50.jpg,7
INDIA100NEW_51.jpg,7
INDIA100NEW_52.jpg,7
INDIA100NEW_53.jpg,7
INDIA100NEW_54.jpg,7
INDIA100NEW_55.jpg,7
INDIA100NEW_56.jpg,7
INDIA100NEW_57.jpg,7
INDIA100NEW_58.jpg,7
INDIA100NEW_59.jpg,7
INDIA100NEW_6.jpg,7
INDIA100NEW_60.jpg,7
INDIA100NEW_61.jpg,7
INDIA100NEW_62.jpg,7
INDIA100NEW_63.jpg,7
INDIA100NEW_64.jpg,7
INDIA100NEW_65.jpg,7
INDIA100NEW_66.jpg,7
INDIA100NEW_67.jpg,7
INDIA100NEW_68.jpg,7
INDIA100NEW_69.jpg,7
INDIA100NEW_7.jpg,7
INDIA100NEW_70.jpg,7
INDIA100NEW_71.jpg,7
INDIA100NEW_72.jpg,7
INDIA100NEW_73.jpg,7
INDIA100NEW_74.jpg,7
INDIA100NEW_75.jpg,7
INDIA100NEW_76.jpg,7
INDIA100NEW_77.jpg,7
INDIA100NEW_78.jpg,7
INDIA100NEW_79.jpg,7
INDIA100NEW_8.jpg,7
INDIA100NEW_80.jpg,7
INDIA100NEW_81.jpg,7
INDIA100NEW_82.jpg,7
INDIA100NEW_83.jpg,7
INDIA100NEW_84.jpg,7
INDIA100NEW_85.jpg,7
INDIA100NEW_86.jpg,7
INDIA100NEW_87.jpg,7
INDIA100NEW_88.jpg,7
INDIA100NEW_89.jpg,7
INDIA100NEW_9.jpg,7
INDIA100NEW_90.jpg,7
INDIA100NEW_91.jpg,7
INDIA100NEW_92.jpg,7
INDIA100NEW_93.jpg,7
INDIA100NEW_94.jpg,7
INDIA100NEW_95.jpg,7
INDIA100NEW_96.jpg,7
INDIA100NEW_97.jpg,7
INDIA100NEW_98.jpg,7
INDIA100NEW_99.jpg,7
INDIA200_1.jpg,8
INDIA200_10.jpg,8
INDIA200_100.jpg,8
INDIA200_101.jpg,8
INDIA200_102.jpg,8
INDIA200_103.jpg,8
INDIA200_104.jpg,8
INDIA200_105.jpg,8
INDIA200_106.jpg,8
INDIA200_107.jpg,8
INDIA200_108.jpg,8
INDIA200_109.jpg,8
INDIA200_11.jpg,8
INDIA200_110.jpg,8
INDIA200_111.jpg,8
INDIA200_112.jpg,8
INDIA200_113.jpg,8
INDIA200_114.jpg,8
INDIA200_115.jpg,8
INDIA200_116.jpg,8
INDIA200_117.jpg,8
INDIA200_118.jpg,8
INDIA200_119.jpg,8
INDIA200_12.jpg,8
INDIA200_120.jpg,8
INDIA200_121.jpg,8
INDIA200_122.jpg,8
INDIA200_123.jpg,8
INDIA200_124.jpg,8
INDIA200_125.jpg,8
INDIA200_126.jpg,8
INDIA200_127.jpg,8
INDIA200_128.jpg,8
INDIA200_129.jpg,8
INDIA200_13.jpg,8
INDIA200_130.jpg,8
INDIA200_131.jpg,8
INDIA200_132.jpg,8
INDIA200_133.jpg,8
INDIA200_134.jpg,8
INDIA200_135.jpg,8
INDIA200_136.jpg,8
INDIA200_137.jpg,8
INDIA200_138.jpg,8
INDIA200_139.jpg,8
INDIA200_14.jpg,8
INDIA200_140.jpg,8
INDIA200_141.jpg,8
INDIA200_142.jpg,8
INDIA200_143.jpg,8
INDIA200_144.jpg,8
INDIA200_145.jpg,8
INDIA200_146.jpg,8
INDIA200_147.jpg,8
INDIA200_148.jpg,8
INDIA200_149.jpg,8
INDIA200_15.jpg,8
INDIA200_150.jpg,8
INDIA200_151.jpg,8
INDIA200_152.jpg,8
INDIA200_153.jpg,8
INDIA200_154.jpg,8
INDIA200_155.jpg,8
INDIA200_156.jpg,8
INDIA200_157.jpg,8
INDIA200_158.jpg,8
INDIA200_159.jpg,8
INDIA200_16.jpg,8
INDIA200_160.jpg,8
INDIA200_161.jpg,8
INDIA200_162.jpg,8
INDIA200_163.jpg,8
INDIA200_164.jpg,8
INDIA200_165.jpg,8
INDIA200_166.jpg,8
INDIA200_167.jpg,8
INDIA200_168.jpg,8
INDIA200_169.jpg,8
INDIA200_17.jpg,8
INDIA200_170.jpg,8
INDIA200_171.jpg,8
INDIA200_172.jpg,8
INDIA200_173.jpg,8
INDIA200_174.jpg,8
INDIA200_175.jpg,8
INDIA200_176.jpg,8
INDIA200_177.jpg,8
INDIA200_178.jpg,8
INDIA200_179.jpg,8
INDIA200_18.jpg,8
INDIA200_180.jpg,8
INDIA200_181.jpg,8
INDIA200_182.jpg,8
INDIA200_183.jpg,8
INDIA200_184.jpg,8
INDIA200_185.jpg,8
INDIA200_186.jpg,8
INDIA200_187.jpg,8
INDIA200_188.jpg,8
INDIA200_189.jpg,8
INDIA200_19.jpg,8
INDIA200_190.jpg,8
INDIA200_2.jpg,8
INDIA200_20.jpg,8
INDIA200_21.jpg,8
INDIA200_22.jpg,8
INDIA200_23.jpg,8
INDIA200_24.jpg,8
INDIA200_25.jpg,8
INDIA200_26.jpg,8
INDIA200_27.jpg,8
INDIA200_28.jpg,8
INDIA200_29.jpg,8
INDIA200_3.jpg,8
INDIA200_30.jpg,8
INDIA200_31.jpg,8
INDIA200_32.jpg,8
INDIA200_33.jpg,8
INDIA200_34.jpg,8
INDIA200_35.jpg,8
INDIA200_36.jpg,8
INDIA200_37.jpg,8
INDIA200_38.jpg,8
INDIA200_39.jpg,8
INDIA200_4.jpg,8
INDIA200_40.jpg,8
INDIA200_41.jpg,8
INDIA200_42.jpg,8
INDIA200_43.jpg,8
INDIA200_44.jpg,8
INDIA200_45.jpg,8
INDIA200_46.jpg,8
INDIA200_47.jpg,8
INDIA200_48.jpg,8
INDIA200_49.jpg,8
INDIA200_5.jpg,8
INDIA200_50.jpg,8
INDIA200_51.jpg,8
INDIA200_52.jpg,8
INDIA200_53.jpg,8
INDIA200_54.jpg,8
INDIA200_55.jpg,8
INDIA200_56.jpg,8
INDIA200_57.jpg,8
INDIA200_58.jpg,8
INDIA200_59.jpg,8
INDIA200_6.jpg,8
INDIA200_60.jpg,8
INDIA200_61.jpg,8
INDIA200_62.jpg,8
INDIA200_63.jpg,8
INDIA200_64.jpg,8
INDIA200_65.jpg,8
INDIA200_66.jpg,8
INDIA200_67.jpg,8
INDIA200_68.jpg,8
INDIA200_69.jpg,8
INDIA200_7.jpg,8
INDIA200_70.jpg,8
INDIA200_71.jpg,8
INDIA200_72.jpg,8
INDIA200_73.jpg,8
INDIA200_74.jpg,8
INDIA200_75.jpg,8
INDIA200_76.jpg,8
INDIA200_77.jpg,8
INDIA200_78.jpg,8
INDIA200_79.jpg,8
INDIA200_8.jpg,8
INDIA200_80.jpg,8
INDIA200_81.jpg,8
INDIA200_82.jpg,8
INDIA200_83.jpg,8
INDIA200_84.jpg,8
INDIA200_85.jpg,8
INDIA200_86.jpg,8
INDIA200_87.jpg,8
INDIA200_88.jpg,8
INDIA200_89.jpg,8
INDIA200_9.jpg,8
INDIA200_90.jpg,8
INDIA200_91.jpg,8
INDIA200_92.jpg,8
INDIA200_93.jpg,8
INDIA200_94.jpg,8
INDIA200_95.jpg,8
INDIA200_96.jpg,8
INDIA200_97.jpg,8
INDIA200_98.jpg,8
INDIA200_99.jpg,8
INDIA2000_1.jpg,9
INDIA2000_10.jpg,9
INDIA2000_100.jpg,9
INDIA2000_101.jpg,9
INDIA2000_102.jpg,9
INDIA2000_103.jpg,9
INDIA2000_104.jpg,9
INDIA2000_105.jpg,9
INDIA2000_106.jpg,9
INDIA2000_107.jpg,9
INDIA2000_108.jpg,9
INDIA2000_109.jpg,9
INDIA2000_11.jpg,9
INDIA2000_110.jpg,9
INDIA2000_111.jpg,9
INDIA2000_112.jpg,9
INDIA2000_113.jpg,9
INDIA2000_114.jpg,9
INDIA2000_115.jpg,9
INDIA2000_116.jpg,9
INDIA2000_117.jpg,9
INDIA2000_118.jpg,9
INDIA2000_119.jpg,9
INDIA2000_12.jpg,9
INDIA2000_120.jpg,9
INDIA2000_121.jpg,9
INDIA2000_122.jpg,9
INDIA2000_123.jpg,9
INDIA2000_124.jpg,9
INDIA2000_125.jpg,9
INDIA2000_126.jpg,9
INDIA2000_127.jpg,9
INDIA2000_128.jpg,9
INDIA2000_129.jpg,9
INDIA2000_13.jpg,9
INDIA2000_130.jpg,9
INDIA2000_131.jpg,9
INDIA2000_132.jpg,9
INDIA2000_133.jpg,9
INDIA2000_134.jpg,9
INDIA2000_135.jpg,9
INDIA2000_136.jpg,9
INDIA2000_137.jpg,9
INDIA2000_138.jpg,9
INDIA2000_139.jpg,9
INDIA2000_14.jpg,9
INDIA2000_140.jpg,9
INDIA2000_141.jpg,9
INDIA2000_142.jpg,9
INDIA2000_143.jpg,9
INDIA2000_144.jpg,9
INDIA2000_145.jpg,9
INDIA2000_146.jpg,9
INDIA2000_147.jpg,9
INDIA2000_148.jpg,9
INDIA2000_149.jpg,9
INDIA2000_15.jpg,9
INDIA2000_150.jpg,9
INDIA2000_151.jpg,9
INDIA2000_152.jpg,9
INDIA2000_153.jpg,9
INDIA2000_154.jpg,9
INDIA2000_155.jpg,9
INDIA2000_156.jpg,9
INDIA2000_157.jpg,9
INDIA2000_158.jpg,9
INDIA2000_159.jpg,9
INDIA2000_160.jpg,9
INDIA2000_161.jpg,9
INDIA2000_162.jpg,9
INDIA2000_163.jpg,9
INDIA2000_164.jpg,9
INDIA2000_165.jpg,9
INDIA2000_166.jpg,9
INDIA2000_167.jpg,9
INDIA2000_168.jpg,9
INDIA2000_169.jpg,9
INDIA2000_17.jpg,9
INDIA2000_170.jpg,9
INDIA2000_171.jpg,9
INDIA2000_172.jpg,9
INDIA2000_173.jpg,9
INDIA2000_174.jpg,9
INDIA2000_175.jpg,9
INDIA2000_176.jpg,9
INDIA2000_177.jpg,9
INDIA2000_178.jpg,9
INDIA2000_179.jpg,9
INDIA2000_18.jpg,9
INDIA2000_180.jpg,9
INDIA2000_181.jpg,9
INDIA2000_182.jpg,9
INDIA2000_183.jpg,9
INDIA2000_184.jpg,9
INDIA2000_185.jpg,9
INDIA2000_186.jpg,9
INDIA2000_187.jpg,9
INDIA2000_188.jpg,9
INDIA2000_189.jpg,9
INDIA2000_19.jpg,9
INDIA2000_190.jpg,9
INDIA2000_2.jpg,9
INDIA2000_20.jpg,9
INDIA2000_21.jpg,9
INDIA2000_22.jpg,9
INDIA2000_23.jpg,9
INDIA2000_24.jpg,9
INDIA2000_25.jpg,9
INDIA2000_26.jpg,9
INDIA2000_27.jpg,9
INDIA2000_28.jpg,9
INDIA2000_29.jpg,9
INDIA2000_3.jpg,9
INDIA2000_30.jpg,9
INDIA2000_31.jpg,9
INDIA2000_32.jpg,9
INDIA2000_33.jpg,9
INDIA2000_34.jpg,9
INDIA2000_35.jpg,9
INDIA2000_36.jpg,9
INDIA2000_37.jpg,9
INDIA2000_38.jpg,9
INDIA2000_39.jpg,9
INDIA2000_4.jpg,9
INDIA2000_40.jpg,9
INDIA2000_41.jpg,9
INDIA2000_42.jpg,9
INDIA2000_43.jpg,9
INDIA2000_44.jpg,9
INDIA2000_45.jpg,9
INDIA2000_46.jpg,9
INDIA2000_47.jpg,9
INDIA2000_48.jpg,9
INDIA2000_49.jpg,9
INDIA2000_5.jpg,9
INDIA2000_50.jpg,9
INDIA2000_51.jpg,9
INDIA2000_52.jpg,9
INDIA2000_53.jpg,9
INDIA2000_54.jpg,9
INDIA2000_55.jpg,9
INDIA2000_56.jpg,9
INDIA2000_57.jpg,9
INDIA2000_58.jpg,9
INDIA2000_59.jpg,9
INDIA2000_6.jpg,9
INDIA2000_60.jpg,9
INDIA2000_61.jpg,9
INDIA2000_62.jpg,9
INDIA2000_63.jpg,9
INDIA2000_64.jpg,9
INDIA2000_65.jpg,9
INDIA2000_66.jpg,9
INDIA2000_67.jpg,9
INDIA2000_68.jpg,9
INDIA2000_69.jpg,9
INDIA2000_7.jpg,9
INDIA2000_70.jpg,9
INDIA2000_71.jpg,9
INDIA2000_72.jpg,9
INDIA2000_73.jpg,9
INDIA2000_74.jpg,9
INDIA2000_75.jpg,9
INDIA2000_76.jpg,9
INDIA2000_77.jpg,9
INDIA2000_78.jpg,9
INDIA2000_79.jpg,9
INDIA2000_8.jpg,9
INDIA2000_80.jpg,9
INDIA2000_81.jpg,9
INDIA2000_82.jpg,9
INDIA2000_83.jpg,9
INDIA2000_84.jpg,9
INDIA2000_85.jpg,9
INDIA2000_86.jpg,9
INDIA2000_87.jpg,9
INDIA2000_88.jpg,9
INDIA2000_89.jpg,9
INDIA2000_9.jpg,9
INDIA2000_90.jpg,9
INDIA2000_91.jpg,9
INDIA2000_92.jpg,9
INDIA2000_93.jpg,9
INDIA2000_94.jpg,9
INDIA2000_95.jpg,9
INDIA2000_96.jpg,9
INDIA2000_97.jpg,9
INDIA2000_98.jpg,9
INDIA2000_99.jpg,9