ATM1.jpg,0
ATM10.jpg,0
ATM11.jpg,0
ATM12.jpg,0
ATM13.jpg,0
ATM14.jpg,0
ATM15.jpg,0
ATM16.jpg,0
ATM17.jpg,0
ATM18.jpg,0
ATM19.jpg,0
ATM2.jpg,0
ATM20.jpg,0
ATM21.jpg,0
ATM22.jpg,0
ATM23.jpg,0
ATM24.jpg,0
ATM25.jpg,0
ATM26.jpg,0
ATM27.jpg,0
ATM28.jpg,0
ATM29.jpg,0
ATM3.jpg,0
ATM30.jpg,0
ATM31.jpg,0
ATM32.jpg,0
ATM33.jpg,0
ATM34.jpg,0
ATM35.jpg,0
ATM36.jpg,0
ATM37.jpg,0
ATM38.jpg,0
ATM39.jpg,0
ATM4.jpg,0
ATM40.jpg,0
ATM5.jpg,0
ATM6.jpg,0
ATM7.jpg,0
ATM8.jpg,0
ATM9.jpg,0
ATM_queue1.jpg,0
ATM_queue10.jpg,0
ATM_queue11.jpg,0
ATM_queue12.jpg,0
ATM_queue13.jpg,0
ATM_queue14.jpg,0
ATM_queue15.jpg,0
ATM_queue16.jpg,0
ATM_queue17.jpg,0
ATM_queue18.jpg,0
ATM_queue19.jpg,0
ATM_queue2.jpg,0
ATM_queue20.jpg,0
ATM_queue21.jpg,0
ATM_queue22.jpg,0
ATM_queue23.jpg,0
ATM_queue24.jpg,0
ATM_queue25.jpg,0
ATM_queue26.jpg,0
ATM_queue27.jpg,0
ATM_queue28.jpg,0
ATM_queue29.jpg,0
ATM_queue3.jpg,0
ATM_queue30.jpg,0
ATM_queue31.jpg,0
ATM_queue32.jpg,0
ATM_queue33.jpg,0
ATM_queue34.jpg,0
ATM_queue35.jpg,0
ATM_queue36.jpg,0
ATM_queue37.jpg,0
ATM_queue38.jpg,0
ATM_queue39.jpg,0
ATM_queue4.jpg,0
ATM_queue40.jpg,0
ATM_queue5.jpg,0
ATM_queue6.jpg,0
ATM_queue7.jpg,0
ATM_queue8.jpg,0
ATM_queue9.jpg,0
ATM_use1.jpg,0
ATM_use10.jpg,0
ATM_use11.jpg,0
ATM_use12.jpg,0
ATM_use13.jpg,0
ATM_use14.jpg,0
ATM_use15.jpg,0
ATM_use16.jpg,0
ATM_use17.jpg,0
ATM_use18.jpg,0
ATM_use19.jpg,0
ATM_use2.jpg,0
ATM_use20.jpg,0
ATM_use21.jpg,0
ATM_use22.jpg,0
ATM_use23.jpg,0
ATM_use24.jpg,0
ATM_use25.jpg,0
ATM_use26.jpg,0
ATM_use27.jpg,0
ATM_use28.jpg,0
ATM_use29.jpg,0
ATM_use3.jpg,0
ATM_use30.jpg,0
ATM_use31.jpg,0
ATM_use32.jpg,0
ATM_use33.jpg,0
ATM_use34.jpg,0
ATM_use35.jpg,0
ATM_use36.jpg,0
ATM_use37.jpg,0
ATM_use38.jpg,0
ATM_use39.jpg,0
ATM_use4.jpg,0
ATM_use40.jpg,0
ATM_use5.jpg,0
ATM_use6.jpg,0
ATM_use7.jpg,0
ATM_use8.jpg,0
ATM_use9.jpg,0
bench1.jpg,1
bench10.jpg,1
bench11.jpg,1
bench12.jpg,1
bench13.jpg,1
bench14.jpg,1
bench15.jpg,1
bench16.jpg,1
bench17.jpg,1
bench18.jpg,1
bench19.jpg,1
bench2.jpg,1
bench20.jpg,1
bench21.jpg,1
bench22.jpg,1
bench23.jpg,1
bench24.jpg,1
bench25.jpg,1
bench26.jpg,1
bench27.jpg,1
bench28.jpg,1
bench29.jpg,1
bench3.jpg,1
bench30.jpg,1
bench31.jpg,1
bench32.jpg,1
bench33.jpg,1
bench34.jpg,1
bench35.jpg,1
bench36.jpg,1
bench37.jpg,1
bench38.jpg,1
bench39.jpg,1
bench4.jpg,1
bench40.jpg,1
bench41.jpg,1
bench42.jpg,1
bench43.jpg,1
bench44.jpg,1
bench45.jpg,1
bench46.jpg,1
bench47.jpg,1
bench48.jpg,1
bench49.jpg,1
bench5.jpg,1
bench50.jpg,1
bench6.jpg,1
bench7.jpg,1
bench8.jpg,1
bench9.jpg,1
bus1.jpg,2
bus10.jpg,2
bus11.jpg,2
bus12.jpg,2
bus13.jpg,2
bus14.jpg,2
bus15.jpg,2
bus16.jpg,2
bus17.jpg,2
bus18.jpg,2
bus19.jpg,2
bus2.jpg,2
bus20.jpg,2
bus21.jpg,2
bus22.jpg,2
bus23.jpg,2
bus24.jpg,2
bus25.jpg,2
bus26.jpg,2
bus27.jpg,2
bus28.jpg,2
bus29.jpg,2
bus3.jpg,2
bus30.jpg,2
bus31.jpg,2
bus32.jpg,2
bus33.jpg,2
bus34.jpg,2
bus35.jpg,2
bus36.jpg,2
bus37.jpg,2
bus38.jpg,2
bus39.jpg,2
bus4.jpg,2
bus40.jpg,2
bus5.jpg,2
bus6.jpg,2
bus7.jpg,2
bus8.jpg,2
bus9.jpg,2
chem1.jpg,3
chem10.jpg,3
chem11.jpg,3
chem12.jpg,3
chem13.jpg,3
chem14.jpg,3
chem15.jpg,3
chem16.jpg,3
chem17.jpg,3
chem18.jpg,3
chem19.jpg,3
chem2.jpg,3
chem20.jpg,3
chem21.jpg,3
chem22.jpg,3
chem23.jpg,3
chem24.jpg,3
chem25.jpg,3
chem26.jpg,3
chem27.jpg,3
chem28.jpg,3
chem29.jpg,3
chem3.jpg,3
chem30.jpg,3
chem31.jpg,3
chem32.jpg,3
chem33.jpg,3
chem34.jpg,3
chem35.jpg,3
chem36.jpg,3
chem37.jpg,3
chem38.jpg,3
chem39.jpg,3
chem4.jpg,3
chem40.jpg,3
chem5.jpg,3
chem6.jpg,3
chem7.jpg,3
chem8.jpg,3
chem9.jpg,3
church1.jpg,4
church10.jpg,4
church11.jpg,4
church12.jpg,4
church13.jpg,4
church14.jpg,4
church15.jpg,4
church16.jpg,4
church17.jpg,4
church18.jpg,4
church19.jpg,4
church2.jpg,4
church20.jpg,4
church21.jpg,4
church22.jpg,4
church23.jpg,4
church24.jpg,4
church25.jpg,4
church26.jpg,4
church27.jpg,4
church28.jpg,4
church29.jpg,4
church3.jpg,4
church30.jpg,4
church31.jpg,4
church32.jpg,4
church33.jpg,4
church34.jpg,4
church35.jpg,4
church36.jpg,4
church37.jpg,4
church38.jpg,4
church39.jpg,4
church4.jpg,4
church40.jpg,4
church5.jpg,4
church6.jpg,4
church7.jpg,4
church8.jpg,4
church9.jpg,4
Construction1.jpg,5
Construction10.jpg,5
Construction11.jpg,5
Construction12.jpg,5
Construction13.jpg,5
Construction14.jpg,5
Construction15.jpg,5
Construction16.jpg,5
Construction17.jpg,5
Construction18.jpg,5
Construction19.jpg,5
Construction2.jpg,5
Construction20.jpg,5
Construction21.jpg,5
Construction22.jpg,5
Construction23.jpg,5
Construction24.jpg,5
Construction25.jpg,5
Construction26.jpg,5
Construction27.jpg,5
Construction28.jpg,5
Construction29.jpg,5
Construction3.jpg,5
Construction30.jpg,5
Construction31.jpg,5
Construction32.jpg,5
Construction33.jpg,5
Construction34.jpg,5
Construction35.jpg,5
Construction36.jpg,5
Construction37.jpg,5
Construction38.jpg,5
Construction39.jpg,5
Construction4.jpg,5
Construction40.jpg,5
Construction41.jpg,5
Construction42.jpg,5
Construction43.jpg,5
Construction44.jpg,5
Construction45.jpg,5
Construction46.jpg,5
Construction47.jpg,5
Construction48.jpg,5
Construction49.jpg,5
Construction5.jpg,5
Construction50.jpg,5
Construction6.jpg,5
Construction7.jpg,5
Construction8.jpg,5
Construction9.jpg,5
door1.jpg,6
door10.jpg,6
door11.jpg,6
door12.jpg,6
door13.jpg,6
door14.jpg,6
door15.jpg,6
door16.jpg,6
door17.jpg,6
door18.jpg,6
door19.jpg,6
door2.jpg,6
door20.jpg,6
door21.jpg,6
door22.jpg,6
door23.jpg,6
door24.jpg,6
door25.jpg,6
door26.jpg,6
door27.jpg,6
door28.jpg,6
door29.jpg,6
door3.jpg,6
door30.jpg,6
door31.jpg,6
door32.jpg,6
door33.jpg,6
door34.jpg,6
door35.jpg,6
door36.jpg,6
door37.jpg,6
door38.jpg,6
door39.jpg,6
door4.jpg,6
door40.jpg,6
door41.jpg,6
door42.jpg,6
door43.jpg,6
door44.jpg,6
door45.jpg,6
door46.jpg,6
door47.jpg,6
door48.jpg,6
door49.jpg,6
door5.jpg,6
door50.jpg,6
door6.jpg,6
door7.jpg,6
door8.jpg,6
door9.jpg,6
greensig1.jpg,7
greensig10.jpg,7
greensig11.jpg,7
greensig12.jpg,7
greensig13.jpg,7
greensig14.jpg,7
greensig15.jpg,7
greensig16.jpg,7
greensig17.jpg,7
greensig18.jpg,7
greensig19.jpg,7
greensig2.jpg,7
greensig20.jpg,7
greensig21.jpg,7
greensig22.jpg,7
greensig23.jpg,7
greensig24.jpg,7
greensig25.jpg,7
greensig26.jpg,7
greensig27.jpg,7
greensig28.jpg,7
greensig29.jpg,7
greensig3.jpg,7
greensig30.jpg,7
greensig31.jpg,7
greensig32.jpg,7
greensig33.jpg,7
greensig34.jpg,7
greensig35.jpg,7
greensig36.jpg,7
greensig37.jpg,7
greensig38.jpg,7
greensig39.jpg,7
greensig4.jpg,7
greensig40.jpg,7
greensig41.jpg,7
greensig42.jpg,7
greensig43.jpg,7
greensig44.jpg,7
greensig45.jpg,7
greensig46.jpg,7
greensig47.jpg,7
greensig48.jpg,7
greensig49.jpg,7
greensig5.jpg,7
greensig50.jpg,7
greensig51.jpg,7
greensig52.jpg,7
greensig53.jpg,7
greensig54.jpg,7
greensig55.jpg,7
greensig56.jpg,7
greensig57.jpg,7
greensig58.jpg,7
greensig59.jpg,7
greensig6.jpg,7
greensig60.jpg,7
greensig61.jpg,7
greensig62.jpg,7
greensig63.jpg,7
greensig64.jpg,7
greensig65.jpg,7
greensig7.jpg,7
greensig8.jpg,7
greensig9.jpg,7
lift1.jpg,8
lift10.jpg,8
lift11.jpg,8
lift12.jpg,8
lift13.jpg,8
lift14.jpg,8
lift15.jpg,8
lift16.jpg,8
lift17.jpg,8
lift18.jpg,8
lift19.jpg,8
lift2.jpg,8
lift20.jpg,8
lift21.jpg,8
lift22.jpg,8
lift23.jpg,8
lift24.jpg,8
lift25.jpg,8
lift26.jpg,8
lift27.jpg,8
lift28.jpg,8
lift29.jpg,8
lift3.jpg,8
lift30.jpg,8
lift31.jpg,8
lift32.jpg,8
lift33.jpg,8
lift34.jpg,8
lift35.jpg,8
lift36.jpg,8
lift37.jpg,8
lift38.jpg,8
lift39.jpg,8
lift4.jpg,8
lift40.jpg,8
lift5.jpg,8
lift6.jpg,8
lift7.jpg,8
lift8.jpg,8
lift9.jpg,8
redsig1.jpg,9
redsig10.jpg,9
redsig11.jpg,9
redsig12.jpg,9
redsig13.jpg,9
redsig14.jpg,9
redsig15.jpg,9
redsig16.jpg,9
redsig17.jpg,9
redsig18.jpg,9
redsig19.jpg,9
redsig2.jpg,9
redsig20.jpg,9
redsig21.jpg,9
redsig22.jpg,9
redsig23.jpg,9
redsig24.jpg,9
redsig25.jpg,9
redsig26.jpg,9
redsig27.jpg,9
redsig28.jpg,9
redsig29.jpg,9
redsig3.jpg,9
redsig30.jpg,9
redsig31.jpg,9
redsig32.jpg,9
redsig33.jpg,9
redsig34.jpg,9
redsig35.jpg,9
redsig36.jpg,9
redsig37.jpg,9
redsig38.jpg,9
redsig39.jpg,9
redsig4.jpg,9
redsig40.jpg,9
redsig41.jpg,9
redsig42.jpg,9
redsig43.jpg,9
redsig44.jpg,9
redsig45.jpg,9
redsig46.jpg,9
redsig47.jpg,9
redsig48.jpg,9
redsig49.jpg,9
redsig5.jpg,9
redsig50.jpg,9
redsig51.jpg,9
redsig52.jpg,9
redsig53.jpg,9
redsig54.jpg,9
redsig55.jpg,9
redsig56.jpg,9
redsig57.jpg,9
redsig58.jpg,9
redsig59.jpg,9
redsig6.jpg,9
redsig60.jpg,9
redsig61.jpg,9
redsig62.jpg,9
redsig63.jpg,9
redsig64.jpg,9
redsig65.jpg,9
redsig7.jpg,9
redsig8.jpg,9
redsig9.jpg,9
stairsdown_1.jpg,10
stairsdown_10.jpg,10
stairsdown_11.jpg,10
stairsdown_12.jpg,10
stairsdown_13.jpg,10
stairsdown_14.jpg,10
stairsdown_15.jpg,10
stairsdown_16.jpg,10
stairsdown_17.jpg,10
stairsdown_18.jpg,10
stairsdown_19.jpg,10
stairsdown_2.jpg,10
stairsdown_20.jpg,10
stairsdown_21.jpg,10
stairsdown_22.jpg,10
stairsdown_23.jpg,10
stairsdown_24.jpg,10
stairsdown_25.jpg,10
stairsdown_26.jpg,10
stairsdown_27.jpg,10
stairsdown_28.jpg,10
stairsdown_29.jpg,10
stairsdown_3.jpg,10
stairsdown_30.jpg,10
stairsdown_31.jpg,10
stairsdown_32.jpg,10
stairsdown_33.jpg,10
stairsdown_34.jpg,10
stairsdown_35.jpg,10
stairsdown_36.jpg,10
stairsdown_37.jpg,10
stairsdown_38.jpg,10
stairsdown_39.jpg,10
stairsdown_4.jpg,10
stairsdown_40.jpg,10
stairsdown_5.jpg,10
stairsdown_6.jpg,10
stairsdown_7.jpg,10
stairsdown_8.jpg,10
stairsdown_9.jpg,10
stairsup_1.jpg,10
stairsup_10.jpg,10
stairsup_11.jpg,10
stairsup_12.jpg,10
stairsup_13.jpg,10
stairsup_14.jpg,10
stairsup_15.jpg,10
stairsup_16.jpg,10
stairsup_17.jpg,10
stairsup_18.jpg,10
stairsup_19.jpg,10
stairsup_2.jpg,10
stairsup_20.jpg,10
stairsup_21.jpg,10
stairsup_22.jpg,10
stairsup_23.jpg,10
stairsup_24.jpg,10
stairsup_25.jpg,10
stairsup_26.jpg,10
stairsup_27.jpg,10
stairsup_28.jpg,10
stairsup_29.jpg,10
stairsup_3.jpg,10
stairsup_30.jpg,10
stairsup_31.jpg,10
stairsup_32.jpg,10
stairsup_33.jpg,10
stairsup_34.jpg,10
stairsup_35.jpg,10
stairsup_36.jpg,10
stairsup_37.jpg,10
stairsup_38.jpg,10
stairsup_39.jpg,10
stairsup_4.jpg,10
stairsup_40.jpg,10
stairsup_5.jpg,10
stairsup_6.jpg,10
stairsup_7.jpg,10
stairsup_8.jpg,10
stairsup_9.jpg,10
washroom1.jpg,11
washroom10.jpg,11
washroom11.jpg,11
washroom12.jpg,11
washroom13.jpg,11
washroom14.jpg,11
washroom15.jpg,11
washroom16.jpg,11
washroom17.jpg,11
washroom18.jpg,11
washroom19.jpg,11
washroom2.jpg,11
washroom20.jpg,11
washroom21.jpg,11
washroom22.jpg,11
washroom23.jpg,11
washroom24.jpg,11
washroom25.jpg,11
washroom26.jpg,11
washroom27.jpg,11
washroom28.jpg,11
washroom29.jpg,11
washroom3.jpg,11
washroom30.jpg,11
washroom31.jpg,11
washroom32.jpg,11
washroom33.jpg,11
washroom34.jpg,11
washroom35.jpg,11
washroom36.jpg,11
washroom37.jpg,11
washroom38.jpg,11
washroom39.jpg,11
washroom4.jpg,11
washroom40.jpg,11
washroom41.jpg,11
washroom42.jpg,11
washroom43.jpg,11
washroom44.jpg,11
washroom45.jpg,11
washroom46.jpg,11
washroom47.jpg,11
washroom48.jpg,11
washroom49.jpg,11
washroom5.jpg,11
washroom50.jpg,11
washroom6.jpg,11
washroom7.jpg,11
washroom8.jpg,11
washroom9.jpg,11
wetfloor1.jpg,12
wetfloor10.jpg,12
wetfloor11.jpg,12
wetfloor12.jpg,12
wetfloor13.jpg,12
wetfloor14.jpg,12
wetfloor15.jpg,12
wetfloor16.jpg,12
wetfloor17.jpg,12
wetfloor18.jpg,12
wetfloor19.jpg,12
wetfloor2.jpg,12
wetfloor20.jpg,12
wetfloor21.jpg,12
wetfloor22.jpg,12
wetfloor23.jpg,12
wetfloor24.jpg,12
wetfloor25.jpg,12
wetfloor26.jpg,12
wetfloor27.jpg,12
wetfloor28.jpg,12
wetfloor29.jpg,12
wetfloor3.jpg,12
wetfloor30.jpg,12
wetfloor31.jpg,12
wetfloor32.jpg,12
wetfloor33.jpg,12
wetfloor34.jpg,12
wetfloor35.jpg,12
wetfloor36.jpg,12
wetfloor37.jpg,12
wetfloor38.jpg,12
wetfloor39.jpg,12
wetfloor4.jpg,12
wetfloor40.jpg,12
wetfloor41.jpg,12
wetfloor42.jpg,12
wetfloor43.jpg,12
wetfloor44.jpg,12
wetfloor45.jpg,12
wetfloor46.jpg,12
wetfloor47.jpg,12
wetfloor48.jpg,12
wetfloor49.jpg,12
wetfloor5.jpg,12
wetfloor50.jpg,12
wetfloor6.jpg,12
wetfloor7.jpg,12
wetfloor8.jpg,12
wetfloor9.jpg,12
